time,pos_x,pos_y,pos_z,vel_x,vel_y,vel_z,thrust,normalized_tau_x,normalized_tau_y,normalized_tau_z,normalized_thrust,throttle1,throttle2,throttle3,throttle4
0.0,0.0,0.0,-0.0002703065162200162,0.0,0.0,-0.027030651622001623,10.660402256699758,-0.4261516146875469,0.24675366305648222,-0.31213376307241014,0.724458189378169,1.0,1.0,0.1,0.7978327575126759
0.01,0.0,0.0,-0.0008112243282631872,0.0,0.0,-0.054091781204317096,10.65583056265268,-0.4256077959135067,0.24631423362663613,-0.3124857042899792,0.7241475068061625,1.0,1.0,0.1,0.7965900272246498
0.02,0.0,0.0,-0.001623063604406119,0.0,0.0,-0.08118392761429319,10.651178038503586,-0.4250543621200595,0.24586703483924371,-0.3128438680246781,0.7238313311929042,1.0,1.0,0.1,0.7953253247716168
0.03,0.0,0.0,-0.0027061399382924743,0.0,0.0,-0.10830763338863553,10.646444133848648,-0.4244912478347721,0.24541201378970617,-0.3132082966480634,0.7235096251341249,1.0,1.0,0.1,0.7940385005364994
0.04,0.0,0.0,-0.004060774386441456,0.0,0.0,-0.13546344481489817,10.641628286060604,-0.42391838613119115,0.24494911639851286,-0.31357903347268434,0.7231823503948762,1.0,1.0,0.1,0.7927294015795046
0.05,0.0,0.0,-0.00568729350658967,0.0,0.0,-0.16265191201482143,10.63672992001151,-0.42333570859586467,0.2444782873845927,-0.31395612277342577,0.7228494678906905,1.0,1.0,0.1,0.7913978715627621
0.06,0.0,0.0,-0.007586029396885486,0.0,0.0,-0.18987358902958157,10.63174844778598,-0.4227431452942288,0.24399947023774987,-0.314339609809585,0.7225109376680924,1.0,1.0,0.1,0.7900437506723693
0.07,0.0,0.0,-0.009757319735955672,0.0,0.0,-0.21712903390701854,10.626683268384456,-0.4221406247353143,0.24351260719014428,-0.3147295408477125,0.7221667188844346,1.0,1.0,0.1,0.7886668755377384
0.08,0.0,0.0,-0.012201507823864777,0.0,0.0,-0.2444188087909105,10.62153376741621,-0.42152807383522467,0.24301763918678126,-0.31512596318524766,0.7218167697870342,1.0,1.0,0.1,0.7872670791481369
0.09,0.0,0.0,-0.014918942623988445,0.0,0.0,-0.27174348001236676,10.616299316781562,-0.42090541787933705,0.2425145058549671,-0.3155289251749811,0.7214610476915775,1.0,1.0,0.1,0.7858441907663096
0.1,0.0,0.0,-0.017909978805822582,0.0,0.0,-0.2991036181834138,10.610979274342943,-0.4202725804831727,0.24200314547269158,-0.3159384762503782,0.721099508959765,1.0,1.0,0.1,0.7843980358390601
0.11,0.0,0.0,-0.0211749767887511,0.0,0.0,-0.3264997982928518,10.605572983584297,-0.4196294835518826,0.24148349493589055,-0.31635466695179804,0.720732108976167,1.0,1.0,0.1,0.7829284359046679
0.12,0.0,0.0,-0.024714302786795726,0.0,0.0,-0.3539325998044627,10.60007977325837,-0.41897604723829096,0.24095548972454223,-0.3167775489536472,0.7203588021242522,1.0,1.0,0.1,0.7814352084970086
0.13,0.0,0.0,-0.028528328854372263,0.0,0.0,-0.38140260675765364,10.59449895702136,-0.4183121898994351,0.2404190638675509,-0.3172071750925045,0.7199795417615603,1.0,1.0,0.1,0.7799181670462411
0.14,0.0,0.0,-0.032617432933078505,0.0,0.0,-0.40891040787062444,10.588829833054382,-0.4176378280515384,0.23987414990636197,-0.3176435993962622,0.7195942801939776,1.0,1.0,0.1,0.7783771207759105
0.15,0.0,0.0,-0.03698199889954,0.0,0.0,-0.43645659664614966,10.583071683671218,-0.41695287632335004,0.2393206788572591,-0.31808687711432193,0.7192029686490803,1.0,1.0,0.1,0.776811874596321
0.16,0.0,0.0,-0.04162241661434071,0.0,0.0,-0.46404177148007153,10.577223774911719,-0.41625724740777936,0.2387585801722824,-0.318537064748896,0.7188055572485028,1.0,1.0,0.1,0.7752222289940114
0.17,0.0,0.0,-0.04653908197206674,0.0,0.0,-0.49166653577260294,10.571285356120285,-0.41555085201175285,0.23818778169871074,-0.3189942200874579,0.7184019949792921,1.0,1.0,0.1,0.7736079799171683
0.18,0.0,0.0,-0.051732396952492196,0.0,0.0,-0.5193314980425451,10.565255659508686,-0.4148335988042136,0.23760820963704282,-0.31945840223639554,0.7179922296641988,1.0,1.0,0.1,0.7719689186567953
0.19,0.0,0.0,-0.05720276967293747,0.0,0.0,-0.5470372720445275,10.559133899702651,-0.41410539436218263,0.23701978849741273,-0.31992967165591835,0.7175762079308631,1.0,1.0,0.1,0.7703048317234522
0.2,0.0,0.0,-0.06295061444183132,0.0,0.0,-0.574784476889385,10.552919273271367,-0.4133661431147946,0.23642244105436788,-0.3204080901962755,0.7171538751798415,1.0,1.0,0.1,0.7686155007193661
0.21,0.0,0.0,-0.06897635181350922,0.0,0.0,-0.6025737371677902,10.546610958239231,-0.41261574728521583,0.23581608829993678,-0.32089372113534476,0.7167251755514259,1.0,1.0,0.1,0.7669007022057035
0.22,0.0,0.0,-0.07528040864428186,0.0,0.0,-0.6304056830772637,10.540208113578966,-0.4118541068303513,0.2352006493949092,-0.321386629217652,0.7162900518911971,1.0,1.0,0.1,0.7651602075647882
0.23,0.0,0.0,-0.0818632181498088,0.0,0.0,-0.6582809505526952,10.533709878685285,-0.41108111937823427,0.23457604161824425,-0.3218868806948904,0.7158484457142564,1.0,1.0,0.1,0.7633937828570254
0.24,0.0,0.0,-0.08872521996381388,0.0,0.0,-0.6862001814005072,10.527115372828206,-0.41029668016299636,0.23394218031452357,-0.322394543368006,0.7154002971680739,1.0,1.0,0.1,0.7616011886722952
0.25,0.0,0.0,-0.09586686019817996,0.0,0.0,-0.7141640234366068,10.520423694585055,-0.4095006819573006,0.2332989788393544,-0.3229096866309243,0.7149455449938875,1.0,1.0,0.1,0.7597821799755499
0.26,0.0,0.0,-0.10328859150446268,0.0,0.0,-0.7421731306282726,10.51363392125012,-0.40869301500212085,0.23264634850262794,-0.32343238151599485,0.7144841264865864,1.0,1.0,0.1,0.7579365059463458
0.27,0.0,0.0,-0.11099087313686401,0.0,0.0,-0.7702281632401329,10.506745108220965,-0.4078735669337394,0.23198419850952984,-0.3239627007412363,0.7140159774530047,1.0,1.0,0.1,0.7560639098120188
0.28,0.0,0.0,-0.11897417101670799,0.0,0.0,-0.7983297879843981,10.49975628836021,-0.4070422227078296,0.23131243589919687,-0.32450071875946673,0.7135410321685498,1.0,1.0,0.1,0.7541641286741994
0.29,0.0,0.0,-0.1272389577984632,0.0,0.0,-0.8264786781755206,10.49266647133164,-0.4061988645204826,0.23063096548090195,-0.32504651180941346,0.7130592233320856,1.0,1.0,0.1,0.7522368933283424
0.3,0.0,0.0,-0.13578571293735778,0.0,0.0,-0.8546755138894584,10.485474642909331,-0.4053433717260273,0.22993968976764917,-0.3256001579688964,0.7125704820189828,1.0,1.0,0.1,0.7502819280759309
0.31,0.0,0.0,-0.14461492275863513,0.0,0.0,-0.8829209821277348,10.478179764258527,-0.4044756207514867,0.22923850890705139,-0.3261617372101896,0.7120747376322479,1.0,1.0,0.1,0.7482989505289915
0.32,0.0,0.0,-0.15372708052850004,0.0,0.0,-0.9112157769864895,10.4707807711868,-0.40359548500750064,0.2285273206093516,-0.32673133145766864,0.7115719178516343,1.0,1.0,0.1,0.7462876714065372
0.33,0.0,0.0,-0.16312268652680734,0.0,0.0,-0.9395605998307295,10.463276573364007,-0.4027028347955392,0.2278060200724467,-0.32730902464785944,0.7110619485806325,1.0,1.0,0.1,0.7442477943225302
0.34,0.0,0.0,-0.17280224812154732,0.0,0.0,-0.9679561594739994,10.455666053509509,-0.4017975372112159,0.22707449990376144,-0.32789490279201017,0.710544753891234,1.0,1.0,0.1,0.7421790155649359
0.35000000000000003,0.0,0.0,-0.18276627984518432,0.0,0.0,-0.9964031723637002,10.44794806654487,-0.4008794560435022,0.22633265003880804,-0.3284890540413167,0.7100202559663519,1.0,1.0,0.1,0.7400810238654073
0.36,0.0,0.0,-0.1930153034729073,0.0,0.0,-1.024902362772298,10.440121438710344,-0.39994845166962856,0.2255803576562629,-0.3290915687549387,0.7094883750397787,1.0,1.0,0.1,0.7379535001591147
0.37,0.0,0.0,-0.20354984810285406,0.0,0.0,-1.0534544629946765,10.43218496664321,-0.39900438094544816,0.22481750708937492,-0.3297025395709531,0.7089490293335513,1.0,1.0,0.1,0.7357961173342051
0.38,0.0,0.0,-0.2143704502383731,0.0,0.0,-1.0820602135519037,10.4241374164159,-0.39804709709102215,0.22404397973351337,-0.33032206148039883,0.7084021349925858,1.0,1.0,0.1,0.7336085399703431
0.39,0.0,0.0,-0.22547765387239,0.0,0.0,-1.1107203634016913,10.415977522531865,-0.3970764495711703,0.2232596539496477,-0.33095023190458084,0.7078476060164365,1.0,1.0,0.1,0.7313904240657457
0.4,0.0,0.0,-0.23687201057394847,0.0,0.0,-1.1394356701558461,10.40770398687677,-0.39609228397071683,0.22246440496354086,-0.33158715077580664,0.7072853541880239,1.0,1.0,0.1,0.7291414167520952
0.41000000000000003,0.0,0.0,-0.24855407957699874,0.0,0.0,-1.168206900305028,10.399315477622732,-0.3950944418641405,0.22165810476042064,-0.33223292062174453,0.7067152889991662,1.0,1.0,0.1,0.7268611559966648
0.42,0.0,0.0,-0.26052442787151014,0.0,0.0,-1.1970348294511424,10.390810628082848,-0.3940827606793215,0.22084062197488147,-0.33288764665360177,0.7061373175727386,1.0,1.0,0.1,0.7245492702909542
0.43,0.0,0.0,-0.2727836302969873,0.0,0.0,-1.2259202425477198,10.382188035513398,-0.39305707355505604,0.22001182177574913,-0.33355143685833666,0.7055513445812707,1.0,1.0,0.1,0.7222053783250824
0.44,0.0,0.0,-0.2853322696384738,0.0,0.0,-1.2548639341486487,10.373446259860657,-0.39201720919198735,0.21917156574562785,-0.3342244020951306,0.7049572721617844,1.0,1.0,0.1,0.7198290886471376
0.45,0.0,0.0,-0.29817093672513034,0.0,0.0,-1.2838667086656537,10.364583822449257,-0.3909629916965803,0.21831971175482362,-0.33490665619636306,0.704354999826657,1.0,1.0,0.1,0.7174199993066277
0.46,0.0,0.0,-0.31130023053147965,0.0,0.0,-1.3129293806349294,10.35559920460866,-0.3898942404177367,0.2174561138293229,-0.33559831607334767,0.7037444243702793,1.0,1.0,0.1,0.7149776974811168
0.47000000000000003,0.0,0.0,-0.32472075828141334,0.0,0.0,-1.342052774993368,10.346490846234211,-0.38881076977562773,0.21658062201248168,-0.33629950182710744,0.7031254397712682,1.0,1.0,0.1,0.7125017590850725
0.48,0.0,0.0,-0.33843313555506177,0.0,0.0,-1.371237727364842,10.337257144278897,-0.38771238908228206,0.2156930822200524,-0.3370103368644829,0.7024979370899692,1.0,1.0,0.1,0.7099917483598768
0.49,0.0,0.0,-0.35243798639863205,0.0,0.0,-1.4004850843570307,10.327896451171679,-0.3865989023534425,0.2147933360881566,-0.3377309480198928,0.7018618043609703,1.0,1.0,0.1,0.7074472174438815
0.5,0.0,0.0,-0.3667359434373252,0.0,0.0,-1.4297957038693105,10.318407073158033,-0.3854701081111668,0.21388122081377653,-0.338461465683084,0.7012169264803284,1.0,1.0,0.1,0.7048677059213135
0.51,0.0,0.0,-0.38132764799144775,0.0,0.0,-1.4591704554122578,10.308787268557923,-0.38432579917660786,0.2129565689873139,-0.3392020239332373,0.7005631850871846,1.0,1.0,0.1,0.7022527403487383
0.52,0.0,0.0,-0.39621375019584126,0.0,0.0,-1.4886102204393499,10.299035245936174,-0.3831657624523736,0.212019208416726,-0.3399527606798167,0.6999004584394274,1.0,1.0,0.1,0.6996018337577093
0.53,0.0,0.0,-0.4113949091227561,0.0,0.0,-1.5181158926914846,10.289149162179788,-0.3819897786938158,0.21106896194271768,-0.3407138178105836,0.6992286212830301,1.0,1.0,0.1,0.6969144851321202
0.54,0.0,0.0,-0.42687179290830585,0.0,0.0,-1.5476883785549758,10.27912712047633,-0.3807976222685535,0.21010564724442532,-0.34148534134722497,0.6985475447146673,1.0,1.0,0.1,0.694190178858669
0.55,0.0,0.0,-0.44264507888264315,0.0,0.0,-1.5773285974337283,10.268967168187125,-0.37958906090348227,0.2091290766349893,-0.34226748160908094,0.6978570960371814,1.0,1.0,0.1,0.6914283841487255
0.56,0.0,0.0,-0.4587154537040065,0.0,0.0,-1.6070374821363385,10.258667294608477,-0.3783638554184627,0.20813905684636297,-0.3430603933854921,0.6971571386074399,1.0,1.0,0.1,0.6886285544297595
0.5700000000000001,0.0,0.0,-0.4750836134967957,0.0,0.0,-1.6368159792789143,10.248225428613617,-0.3771217594458222,0.20713538880265708,-0.3438642361173289,0.6964475316760868,1.0,1.0,0.1,0.685790126704347
0.58,0.0,0.0,-0.4917502639938403,0.0,0.0,-1.6666650497044644,10.237639436167502,-0.37586251913473284,0.20611786738126497,-0.34467917408830817,0.6957281302186545,1.0,1.0,0.1,0.6829125208746181
0.59,0.0,0.0,-0.5087161206830378,0.0,0.0,-1.6965856689197576,10.226907117706007,-0.37458587283945605,0.2050862811609499,-0.3455053766267505,0.6949987847574589,1.0,1.0,0.1,0.6799951390298357
0.6,0.0,0.0,-0.525981908958544,0.0,0.0,-1.7265788275506222,10.216026205370321,-0.3732915507903642,0.20404041215601648,-0.3463430183184846,0.6942593411736542,1.0,1.0,0.1,0.6770373646946166
0.61,0.0,0.0,-0.5435483642767112,0.0,0.0,-1.7566455318167113,10.204994360086623,-0.3719792747465593,0.202980035535611,-0.34719227923165996,0.6935096405087748,1.0,1.0,0.1,0.674038562035099
0.62,0.0,0.0,-0.5614162323169796,0.0,0.0,-1.7867868040268424,10.193809168480342,-0.37064875762881333,0.20190491932712157,-0.3480533451542963,0.6927495187550351,1.0,1.0,0.1,0.6709980750201402
0.63,0.0,0.0,-0.5795862691479404,0.0,0.0,-1.8170036830960865,10.182468139613382,-0.3692997031314484,0.20081482410255974,-0.34892640784546114,0.6919788066335971,1.0,1.0,0.1,0.6679152265343885
0.64,0.0,0.0,-0.5980592413987992,0.0,0.0,-1.8472972250858752,10.170968701531677,-0.3679318053116578,0.19970950264671433,-0.3498116653010478,0.6911973293599508,1.0,1.0,0.1,0.6647893174398031
0.65,0.0,0.0,-0.616835926436484,0.0,0.0,-1.877668503768479,10.15930819760944,-0.3665447481546422,0.19858869960576214,-0.3507093220352041,0.6904049063954767,1.0,1.0,0.1,0.6616196255819065
0.66,0.0,0.0,-0.6359171125486571,0.0,0.0,-1.9081186112173107,10.147483882675246,-0.3651382051127931,0.19745215111490783,-0.35161958937855803,0.6896013511841825,1.0,1.0,0.1,0.6584054047367301
0.67,0.0,0.0,-0.6553035991329034,0.0,0.0,-1.938648658424619,10.135492918903779,-0.3637118386170011,0.19629958440349998,-0.3525426857944819,0.6887864708735153,1.0,1.0,0.1,0.6551458834940611
0.68,0.0,0.0,-0.6749961968923859,0.0,0.0,-1.9692597759482482,10.123332371455628,-0.3622652995579974,0.19513071737593218,-0.3534788372147512,0.6879600660180516,1.0,1.0,0.1,0.6518402640722062
0.6900000000000001,0.0,0.0,-0.6949957280382786,0.0,0.0,-1.9999531145892748,10.110999203846012,-0.360798226735444,0.19394525816648306,-0.35442827739607463,0.6871219302647646,1.0,1.0,0.1,0.6484877210590585
0.7000000000000001,0.0,0.0,-0.7153030264993032,0.0,0.0,-2.0307298461024654,10.0984902730214,-0.3593102462722838,0.19274290466608673,-0.35539124829910695,0.6862718500184437,1.0,1.0,0.1,0.6450874000737747
0.71,0.0,0.0,-0.7359189381387198,0.0,0.0,-2.061591163941657,10.085802324121236,-0.35780097099162833,0.19152334401882948,-0.3563680004917067,0.6854096040857109,1.0,1.0,0.1,0.6416384163428436
0.72,0.0,0.0,-0.756844320979143,0.0,0.0,-2.092538284042326,10.07293198489968,-0.3562699997532043,0.19028625208577016,-0.3573587935783651,0.6845349632959348,1.0,1.0,0.1,0.6381398531837392
0.73,0.0,0.0,-0.778080045435581,0.0,0.0,-2.1235724456437928,10.059875759779947,-0.3547169167460971,0.18903129287344594,-0.35836389665791885,0.6836476900971762,1.0,1.0,0.1,0.6345907603887047
0.74,0.0,0.0,-0.7996269945571182,0.0,0.0,-2.1546949121537184,10.046630023511165,-0.3531412907342128,0.18775811792417202,-0.3593835888118623,0.6827475381251216,1.0,1.0,0.1,0.6309901525004863
0.75,0.0,0.0,-0.8214860642776957,0.0,0.0,-2.185906972057754,10.033191014394701,-0.3515426742505254,0.1864663656649584,-0.3604181596258026,0.681834251742759,1.0,1.0,0.1,0.6273370069710361
0.76,0.0,0.0,-0.8436581636764703,0.0,0.0,-2.2172099398774634,10.019554827043601,-0.3499206027357878,0.1851556607115507,-0.3614679097468576,0.6809075655483249,1.0,1.0,0.1,0.6236302621932994
0.77,0.0,0.0,-0.8661442152482692,0.0,0.0,-2.248605157179896,10.005717404635105,-0.3482745936169409,0.18382561312374385,-0.3625331514800785,0.6799672038488008,1.0,1.0,0.1,0.6198688153952032
0.78,0.0,0.0,-0.8889451551846941,0.0,0.0,-2.2800939936424824,9.991674530612034,-0.34660414531996625,0.18247581760772408,-0.3636142094272979,0.6790128800959588,1.0,1.0,0.1,0.6160515203838351
0.79,0.0,0.0,-0.9120619336664666,0.0,0.0,-2.3116778481772537,9.977421819784293,-0.34490873621137796,0.1811058526607478,-0.36471142117216127,0.6780442962816373,1.0,1.0,0.1,0.6121771851265493
0.8,0.0,0.0,-0.9354955151676541,0.0,0.0,-2.3433581501187444,9.962954708776422,-0.3431878234619266,0.17971527965296458,-0.365825138015499,0.6770611422885778,1.0,1.0,0.1,0.6082445691543114
0.81,0.0,0.0,-0.9592468787724574,0.0,0.0,-2.3751363604803353,9.948268445761379,-0.3414408418253969,0.17830364184063158,-0.36695572576564806,0.6760630951927542,1.0,1.0,0.1,0.6042523807710167
0.8200000000000001,0.0,0.0,-0.9833170185052998,0.0,0.0,-2.4070139732842417,9.933358079414054,-0.3396672023245911,0.17687046330433137,-0.36810356558883867,0.6750498185126778,1.0,1.0,0.1,0.6001992740507109
0.8300000000000001,0.0,0.0,-1.0077069436750081,0.0,0.0,-2.4389925169708375,9.918218447010643,-0.33786629083570696,0.17541524780508683,-0.3692690549253377,0.6740209614006553,1.0,1.0,0.1,0.5960838456026211
0.84,0.0,0.0,-1.0324176792339437,0.0,0.0,-2.471073555893561,9.902844161591489,-0.33603746656131406,0.17393747755045857,-0.370452608477687,0.6729761577704034,1.0,1.0,0.1,0.5919046310816135
0.85,0.0,0.0,-1.0574502661530063,0.0,0.0,-2.503258691906258,9.887229598095486,-0.33418006038099474,0.172436611861791,-0.3716546592781131,0.6719150253547731,1.0,1.0,0.1,0.5876601014190922
0.86,0.0,0.0,-1.0828057618135114,0.0,0.0,-2.5355495660505025,9.871368878363299,-0.33229337306742185,0.17091208573272482,-0.3728756598430213,0.6708371646865985,1.0,1.0,0.1,0.5833486587463937
0.87,0.0,0.0,-1.1084852404170236,0.0,0.0,-2.5679478603512083,9.85525585489412,-0.3303766733541736,0.1693633082679063,-0.3741160834234416,0.6697421579948433,1.0,1.0,0.1,0.578968631979373
0.88,0.0,0.0,-1.1344897934143205,0.0,0.0,-2.6004552997296964,9.838884093226758,-0.328429195839899,0.1677896609894614,-0.3753764253613816,0.6686295680072549,1.0,1.0,0.1,0.5745182720290197
0.89,0.0,0.0,-1.1608205299547643,0.0,0.0,-2.6330736540443667,9.822246852799443,-0.3264501387115286,0.16619049599724983,-0.37665720456328855,0.6674989366496393,1.0,1.0,0.1,0.5699957465985572
0.9,0.0,0.0,-1.1874785773574663,0.0,0.0,-2.6658047402702043,9.805337066124322,-0.3244386612670074,0.16456513396712485,-0.377958965103253,0.6663497836306029,1.0,1.0,0.1,0.5653991345224119
0.91,0.0,0.0,-1.2144650816057623,0.0,0.0,-2.6986504248295966,9.788147316091148,-0.3223938812154906,0.16291286196937266,-0.37928227797023095,0.6651816048991606,1.0,1.0,0.1,0.5607264195966422
0.92,0.0,0.0,-1.2417812078666455,0.0,0.0,-2.7316126260883298,9.770669811190052,-0.3203148717300077,0.16123293108713604,-0.3806277429754612,0.6639938709609277,1.0,1.0,0.1,0.5559754838437105
0.93,0.0,0.0,-1.2694281410369679,0.0,0.0,-2.764693317032231,9.75289635841479,-0.3182006582242098,0.1595245538118843,-0.3819959908384456,0.6627860250366829,1.0,1.0,0.1,0.5511441001467318
0.9400000000000001,0.0,0.0,-1.2974070863183853,0.0,0.0,-2.797894528141733,9.73481833357473,-0.3160502148208771,0.15778690118981292,-0.38338768547241225,0.6615574810448338,1.0,1.0,0.1,0.5462299241793352
0.9500000000000001,0.0,0.0,-1.3257192698232223,0.0,0.0,-2.831218350483697,9.71642664870538,-0.3138624604752902,0.15601909968935707,-0.3848035264931394,0.6603076213867061,1.0,1.0,0.1,0.5412304855468241
0.96,0.0,0.0,-1.3543659392136445,0.0,0.0,-2.864666939042215,9.697711716222333,-0.31163625471121786,0.1542202277556825,-0.38624425197848056,0.6590357945105221,1.0,1.0,0.1,0.5361431780420884
0.97,0.0,0.0,-1.3833483643767726,0.0,0.0,-2.898242516312809,9.678663409410882,-0.30937039292101975,0.15238931201296296,-0.3877106415099799,0.6577413122263596,1.0,1.0,0.1,0.5309652489054382
0.98,0.0,0.0,-1.4126678381386486,0.0,0.0,-2.931947376187598,9.659271018781697,-0.3070636011740049,0.15052532306930572,-0.389203519532728,0.6564234467401765,1.0,1.0,0.1,0.525693786960706
0.99,0.0,0.0,-1.4423256770202746,0.0,0.0,-2.9657838881625973,9.639523203750107,-0.30471453046851416,0.14862717087218152,-0.39072375907522117,0.6550814273700378,1.0,1.0,0.1,0.5203257094801512
1.0,0.0,0.0,-1.4723232220392999,0.0,0.0,-2.99975450190253,9.619407939010111,-0.3023217503529254,0.1466936995539178,-0.3922722858776314,0.6537144369018084,1.0,1.0,0.1,0.5148577476072336
1.01,0.0,0.0,-1.5026618395613338,0.0,0.0,-3.033861752203385,9.598912454871789,-0.2998837418285815,0.14472368169695254,-0.3938500829847936,0.6523216075346101,1.0,1.0,0.1,0.5092864301384404
1.02,0.0,0.0,-1.5333429222053205,0.0,0.0,-3.068108264398663,9.578023170708263,-0.29739888943307813,0.14271581193678345,-0.395458195869635,0.6509020163580199,1.0,1.0,0.1,0.5036080654320798
1.03,0.0,0.0,-1.5643678898079396,0.0,0.0,-3.102496760261918,9.556725620511802,-0.2948654723849035,0.14066869980644853,-0.39709773816406607,0.6494546802930208,1.0,1.0,0.1,0.49781872117208303
1.04,0.0,0.0,-1.5957381904526,0.0,0.0,-3.137030064466038,9.535004369381971,-0.2922816546494189,0.13858086170940248,-0.3987698980879446,0.6479785504167156,1.0,1.0,0.1,0.4919142016668622
1.05,0.0,0.0,-1.62745530156929,0.0,0.0,-3.1717111116690027,9.512842919555311,-0.28964547376076216,0.13645071188712404,-0.400475945683163,0.6464725055763039,1.0,1.0,0.1,0.4858900223052152
1.06,0.0,0.0,-1.6595207311123583,0.0,0.0,-3.206542954306827,9.490223604326314,-0.2869548282033827,0.13427655222284302,-0.4022172409798949,0.6449353451801776,1.0,1.0,0.1,0.47974138072071004
1.07,0.0,0.0,-1.6919360188242338,0.0,0.0,-3.241528771187545,9.46712746789232,-0.28420746311917877,0.13205656069227972,-0.4039952432464547,0.6433657810324376,1.0,1.0,0.1,0.4734631241297504
1.08,0.0,0.0,-1.7247027375941917,0.0,0.0,-3.2766718769957768,9.443534128765233,-0.28140095405984805,0.12978877823483154,-0.40581152150422994,0.6417624280506444,1.0,1.0,0.1,0.46704971220257785
1.09,0.0,0.0,-1.7578224949225554,0.0,0.0,-3.3119757328363693,9.419421623911107,-0.27853268844675494,0.12747109377233218,-0.4076677665262317,0.6401237936738774,1.0,1.0,0.1,0.4604951746955096
1.1,0.0,0.0,-1.7912969345022405,0.0,0.0,-3.347443957968505,9.394766230179622,-0.27559984432935164,0.12510122704492405,-0.40956580458392966,0.6384482657274633,1.0,1.0,0.1,0.453793062909853
1.11,0.0,0.0,-1.8251308974972997,0.0,0.0,-3.3833962995059217,9.322148769387498,-0.26523284273192205,0.12723215238681185,-0.407859135871196,0.6335133380487595,0.9871169583559866,1.0,0.1,0.4469363938390516
1.12,0.0,0.0,-1.859329881931735,0.0,0.0,-3.419898443443533,9.239678409358348,-0.25335962981903226,0.13017703836483924,-0.40550056203359036,0.6279088283627826,0.9717437902594463,1.0,0.1,0.4398915231916839
1.1300000000000001,0.0,0.0,-1.8938995444924904,0.0,0.0,-3.456966256075533,9.15482810519998,-0.24114377764329747,0.1332069083794603,-0.4030739240580793,0.6221425827522922,0.9559269805788768,1.0,0.1,0.43264335043029184
1.1400000000000001,0.0,0.0,-1.928845710061015,0.0,0.0,-3.4946165568524594,9.067454883461062,-0.22856470239463106,0.1363268677862468,-0.4005751330399743,0.6162048850466233,0.9396398778615628,1.0,0.1,0.42517966232493043
1.1500000000000001,0.0,0.0,-1.9641743822362063,0.0,0.0,-3.532867217519132,8.977400899999125,-0.21559967933762625,0.13954255294960527,-0.39799967478696774,0.6100850084946738,0.9228530586330053,1.0,0.1,0.4174869753456898
1.16,0.0,0.0,-1.9998917550006479,0.0,0.0,-3.571737276444143,8.884491161248379,-0.2022235147437207,0.14286021261269571,-0.3953425446495605,0.6037710609071273,0.9055339026220943,1.0,0.1,0.4095503410064148
1.17,0.0,0.0,-2.036004225713477,0.0,0.0,-3.611247071282894,8.788530774187363,-0.18840814997053423,0.14628680609673256,-0.3925981688727526,0.5972497977701232,0.8876460801319708,1.0,0.1,0.40135311094852216
1.18,0.0,0.0,-2.072518409652981,0.0,0.0,-3.651418393950393,8.689301599875199,-0.1741221796733009,0.1498301227979067,-0.38976030889036434,0.590506394826721,0.8691489282310625,1.0,0.1,0.3928766510758212
1.19,0.0,0.0,-2.109441156382877,0.0,0.0,-3.6922746729896163,8.586558144116472,-0.15933026018612717,0.15349892892523537,-0.38682194380196083,0.5835241688152546,0.849996684738491,1.0,0.1,0.3840999905225276
1.2,0.0,0.0,-2.146779568282046,0.0,0.0,-3.7338411899168635,8.48002246091291,-0.1439923757746977,0.1573031494902341,-0.3837751246164189,0.5762842311187841,0.8301375381846354,1.0,0.1,0.374999386290501
1.21,0.0,0.0,-2.184541021663756,0.0,0.0,-3.776145338171018,8.369377761876844,-0.12806291858700725,0.1612540965046425,-0.380610791487232,0.5687650534744713,0.8095124365521065,1.0,0.1,0.3655477773457787
1.22,0.0,0.0,-2.2227331910251213,0.0,0.0,-3.8192169361365527,8.254260305169776,-0.1114895209082501,0.1653647586135868,-0.3773185417438694,0.5609419167631516,0.7880535753057337,1.0,0.1,0.3557140917468728
1.23,0.0,0.0,-2.261369993731833,0.0,0.0,-3.863680270671155,8.045499819809658,-0.10476856923926081,0.16111964127505024,-0.36705418557826264,0.5467549996472754,0.7656824522427264,0.975875191081243,0.1,0.34546235526513225
1.24,0.0,0.0,-2.3004671688437988,0.0,0.0,-3.909717511196573,7.809413921187276,-0.09968590653806503,0.15505634526931072,-0.35498291975582,0.5307111057551666,0.7421683296249956,0.945989262810161,0.1,0.3346868305855096
1.25,0.0,0.0,-2.340041327684376,0.0,0.0,-3.957415884057716,7.560244070828595,-0.09432156113636736,0.14865701956944327,-0.3422426607392116,0.5137780544226024,0.7173510472368292,0.9144470473767577,0.1,0.3233141230768227
1.26,0.0,0.0,-2.3801100651534224,0.0,0.0,-4.006873746904661,7.29632057295824,-0.08863958637030822,0.14187878207285426,-0.3287480356126269,0.495842376687614,0.6910643036115767,0.8810371793057186,0.1,0.3112680238331607
1.27,0.0,0.0,-2.4206920965969956,0.0,0.0,-4.0582031443573205,7.015590382101182,-0.08259578249004759,0.13466890526595243,-0.31439407047538287,0.4767645519606648,0.6631036157058993,0.8454997651846798,0.1,0.29845482695208025
1.28,0.0,0.0,-2.46180742934153,0.0,0.0,-4.111533274453467,6.715480485578106,-0.07613475543922232,0.12696130753356172,-0.29904920507674965,0.45636972379056107,0.6332127118153391,0.8075090893617393,0.1,0.28475709398516585
1.29,0.0,0.0,-2.503477582665138,0.0,0.0,-4.167015332360772,6.392691313904158,-0.06918546921420632,0.11867124740406154,-0.2825447297200291,0.4344336604759876,0.6010629552788113,0.7666474619302774,0.1,0.2700242246948616
1.3,0.0,0.0,-2.545725877949579,0.0,0.0,-4.224829528444052,6.042870587508005,-0.061654224152412423,0.1096869470902366,-0.2646581087775295,0.4106605903845059,0.5662208596572519,0.7223639312415789,0.1,0.2540575706391928
1.31,0.0,0.0,-2.588577835223468,0.0,0.0,-4.285195727388915,5.660070158270448,-0.05341296334420326,0.09985564277627618,-0.24508520855250265,0.3846462900625517,0.5280939902265229,0.6739055259022928,0.1,0.23658564412139113
1.32,0.0,0.0,-2.632061740649072,0.0,0.0,-4.348390542560404,5.23577772427673,-0.04427842654533737,0.08895871655022261,-0.22339078805947013,0.35581228163620315,0.48583452290161633,0.6201946803062951,0.1,0.21721992333690104
1.33,0.0,0.0,-2.6762095108903496,0.0,0.0,-4.414777024127758,4.757027764896768,-0.033971480743243354,0.07666318033482375,-0.19891190958395905,0.32327745599026625,0.4381510936337796,0.5595900993918784,0.1,0.19536863093540718
1.34,0.0,0.0,-2.721058133072792,0.0,0.0,-4.484862218244227,4.202220882529734,-0.022027115307491157,0.06241430577923884,-0.170544178193592,0.2855739641542463,0.3828924054306096,0.4893575324004677,0.1,0.17004591878590783
1.35,0.0,0.0,-2.7666524276057887,0.0,0.0,-4.559429453299676,3.529914741682615,-0.007553123570550463,0.04514774660641557,-0.1361686132505668,0.23988547344088446,0.3159308074496202,0.4042508266683189,0.1,0.1393602596455987
1.36,0.0,0.0,-2.813051609614985,0.0,0.0,-4.6399182009196105,2.64168785700978,0.011060914208267159,0.022703413448460802,-0.09008418650497309,0.1795234697254353,0.22694369645248144,0.29115018244925966,0.1,0.1
1.37,0.0,0.0,-2.860333691624181,0.0,0.0,-4.72820820091961,1.4715000000000003,0.0,0.0,0.0,0.1,0.1,0.1,0.1,0.1
1.3800000000000001,0.0,0.0,-2.908498673633377,0.0,0.0,-4.81649820091961,1.4715000000000003,0.0,0.0,0.0,0.1,0.1,0.1,0.1,0.1
1.3900000000000001,0.0,0.0,-2.957546555642573,0.0,0.0,-4.90478820091961,1.4715000000000003,0.0,0.0,0.0,0.1,0.1,0.1,0.1,0.1
1.4000000000000001,0.0,0.0,-3.0074773376517694,0.0,0.0,-4.9930782009196095,1.4715000000000003,0.0,0.0,0.0,0.1,0.1,0.1,0.1,0.1
1.41,0.0,0.0,-3.0582910196609654,0.0,0.0,-5.081368200919609,1.4715000000000003,0.0,0.0,0.0,0.1,0.1,0.1,0.1,0.1
1.42,0.0,0.0,-3.1099876016701615,0.0,0.0,-5.169658200919609,1.4715000000000003,0.0,0.0,0.0,0.1,0.1,0.1,0.1,0.1
1.43,0.0,0.0,-3.162567083679358,0.0,0.0,-5.257948200919609,1.4715000000000003,0.0,0.0,0.0,0.1,0.1,0.1,0.1,0.1
1.44,0.0,0.0,-3.2160294656885537,0.0,0.0,-5.3462382009196086,1.4715000000000003,0.0,0.0,0.0,0.1,0.1,0.1,0.1,0.1
1.45,0.0,0.0,-3.27037474769775,0.0,0.0,-5.434528200919608,1.4715000000000003,0.0,0.0,0.0,0.1,0.1,0.1,0.1,0.1
1.46,0.0,0.0,-3.325602929706946,0.0,0.0,-5.522818200919608,1.4715000000000003,0.0,0.0,0.0,0.1,0.1,0.1,0.1,0.1
1.47,0.0,0.0,-3.381714011716142,0.0,0.0,-5.611108200919608,1.4715000000000003,0.0,0.0,0.0,0.1,0.1,0.1,0.1,0.1
1.48,0.0,0.0,-3.438707993725338,0.0,0.0,-5.699398200919608,1.4715000000000003,0.0,0.0,0.0,0.1,0.1,0.1,0.1,0.1
1.49,0.0,0.0,-3.496584875734534,0.0,0.0,-5.787688200919607,1.4715000000000003,0.0,0.0,0.0,0.1,0.1,0.1,0.1,0.1
1.5,0.0,0.0,-3.5553446577437304,0.0,0.0,-5.875978200919607,1.4715000000000003,0.0,0.0,0.0,0.1,0.1,0.1,0.1,0.1
1.51,0.0,0.0,-3.6149873397529264,0.0,0.0,-5.964268200919607,1.4715000000000003,0.0,0.0,0.0,0.1,0.1,0.1,0.1,0.1
1.52,0.0,0.0,-3.6755129217621225,0.0,0.0,-6.052558200919607,1.4715000000000003,0.0,0.0,0.0,0.1,0.1,0.1,0.1,0.1
1.53,0.0,0.0,-3.7369214037713188,0.0,0.0,-6.140848200919606,1.4715000000000003,0.0,0.0,0.0,0.1,0.1,0.1,0.1,0.1
1.54,0.0,0.0,-3.7992127857805147,0.0,0.0,-6.229138200919606,1.4715000000000003,0.0,0.0,0.0,0.1,0.1,0.1,0.1,0.1
1.55,0.0,0.0,-3.8623870677897107,0.0,0.0,-6.317428200919606,1.4715000000000003,0.0,0.0,0.0,0.1,0.1,0.1,0.1,0.1
1.56,0.0,0.0,-3.926444249798907,0.0,0.0,-6.405718200919606,1.4715000000000003,0.0,0.0,0.0,0.1,0.1,0.1,0.1,0.1
1.57,0.0,0.0,-3.991384331808103,0.0,0.0,-6.494008200919605,1.4715000000000003,0.0,0.0,0.0,0.1,0.1,0.1,0.1,0.1
1.58,0.0,0.0,-4.057207313817299,0.0,0.0,-6.582298200919605,1.4715000000000003,0.0,0.0,0.0,0.1,0.1,0.1,0.1,0.1
1.59,0.0,0.0,-4.123913195826495,0.0,0.0,-6.670588200919605,1.4715000000000003,0.0,0.0,0.0,0.1,0.1,0.1,0.1,0.1
1.6,0.0,0.0,-4.191501977835691,0.0,0.0,-6.758878200919605,1.4715000000000003,0.0,0.0,0.0,0.1,0.1,0.1,0.1,0.1
1.61,0.0,0.0,-4.259973659844888,0.0,0.0,-6.847168200919604,1.4715000000000003,0.0,0.0,0.0,0.1,0.1,0.1,0.1,0.1
1.62,0.0,0.0,-4.329328241854084,0.0,0.0,-6.935458200919604,1.4715000000000003,0.0,0.0,0.0,0.1,0.1,0.1,0.1,0.1
1.6300000000000001,0.0,0.0,-4.3995657238632795,0.0,0.0,-7.023748200919604,1.4715000000000003,0.0,0.0,0.0,0.1,0.1,0.1,0.1,0.1
1.6400000000000001,0.0,0.0,-4.470686105872476,0.0,0.0,-7.112038200919604,1.4715000000000003,0.0,0.0,0.0,0.1,0.1,0.1,0.1,0.1
1.6500000000000001,0.0,0.0,-4.542689387881672,0.0,0.0,-7.2003282009196035,1.4715000000000003,0.0,0.0,0.0,0.1,0.1,0.1,0.1,0.1
1.6600000000000001,0.0,0.0,-4.615575569890868,0.0,0.0,-7.288618200919603,1.4715000000000003,0.0,0.0,0.0,0.1,0.1,0.1,0.1,0.1
1.67,0.0,0.0,-4.689344651900064,0.0,0.0,-7.376908200919603,1.4715000000000003,0.0,0.0,0.0,0.1,0.1,0.1,0.1,0.1
1.68,0.0,0.0,-4.76399663390926,0.0,0.0,-7.465198200919603,1.4715000000000003,0.0,0.0,0.0,0.1,0.1,0.1,0.1,0.1
1.69,0.0,0.0,-4.8395315159184555,0.0,0.0,-7.5534882009196025,1.4715000000000003,0.0,0.0,0.0,0.1,0.1,0.1,0.1,0.1
1.7,0.0,0.0,-4.915949297927652,0.0,0.0,-7.641778200919602,1.4715000000000003,0.0,0.0,0.0,0.1,0.1,0.1,0.1,0.1
1.71,0.0,0.0,-4.993249979936848,0.0,0.0,-7.730068200919602,1.4715000000000003,0.0,0.0,0.0,0.1,0.1,0.1,0.1,0.1
1.72,0.0,0.0,-5.071433561946043,0.0,0.0,-7.818358200919602,1.4715000000000003,0.0,0.0,0.0,0.1,0.1,0.1,0.1,0.1
1.73,0.0,0.0,-5.1505000439552395,0.0,0.0,-7.9066482009196015,1.4715000000000003,0.0,0.0,0.0,0.1,0.1,0.1,0.1,0.1
1.74,0.0,0.0,-5.230449425964435,0.0,0.0,-7.994938200919601,1.4715000000000003,0.0,0.0,0.0,0.1,0.1,0.1,0.1,0.1
1.75,0.0,0.0,-5.311281707973631,0.0,0.0,-8.083228200919601,1.4715000000000003,0.0,0.0,0.0,0.1,0.1,0.1,0.1,0.1
1.76,0.0,0.0,-5.392996889982827,0.0,0.0,-8.171518200919602,1.4715000000000003,0.0,0.0,0.0,0.1,0.1,0.1,0.1,0.1
1.77,0.0,0.0,-5.475594971992023,0.0,0.0,-8.259808200919602,1.4715000000000003,0.0,0.0,0.0,0.1,0.1,0.1,0.1,0.1
1.78,0.0,0.0,-5.559075954001219,0.0,0.0,-8.348098200919603,1.4715000000000003,0.0,0.0,0.0,0.1,0.1,0.1,0.1,0.1
1.79,0.0,0.0,-5.643439836010415,0.0,0.0,-8.436388200919604,1.4715000000000003,0.0,0.0,0.0,0.1,0.1,0.1,0.1,0.1
1.8,0.0,0.0,-5.728686618019611,0.0,0.0,-8.524678200919604,1.4715000000000003,0.0,0.0,0.0,0.1,0.1,0.1,0.1,0.1
1.81,0.0,0.0,-5.814816300028808,0.0,0.0,-8.612968200919605,1.4715000000000003,0.0,0.0,0.0,0.1,0.1,0.1,0.1,0.1
1.82,0.0,0.0,-5.901828882038004,0.0,0.0,-8.701258200919606,1.4715000000000003,0.0,0.0,0.0,0.1,0.1,0.1,0.1,0.1
1.83,0.0,0.0,-5.989724364047199,0.0,0.0,-8.789548200919606,1.4715000000000003,0.0,0.0,0.0,0.1,0.1,0.1,0.1,0.1
1.84,0.0,0.0,-6.078502746056396,0.0,0.0,-8.877838200919607,1.4715000000000003,0.0,0.0,0.0,0.1,0.1,0.1,0.1,0.1
1.85,0.0,0.0,-6.168164028065592,0.0,0.0,-8.966128200919607,1.4715000000000003,0.0,0.0,0.0,0.1,0.1,0.1,0.1,0.1
1.86,0.0,0.0,-6.258708210074787,0.0,0.0,-9.054418200919608,1.4715000000000003,0.0,0.0,0.0,0.1,0.1,0.1,0.1,0.1
1.87,0.0,0.0,-6.3501352920839835,0.0,0.0,-9.142708200919609,1.4715000000000003,0.0,0.0,0.0,0.1,0.1,0.1,0.1,0.1
1.8800000000000001,0.0,0.0,-6.4424452740931795,0.0,0.0,-9.23099820091961,1.4715000000000003,0.0,0.0,0.0,0.1,0.1,0.1,0.1,0.1
1.8900000000000001,0.0,0.0,-6.535638156102376,0.0,0.0,-9.31928820091961,1.4715000000000003,0.0,0.0,0.0,0.1,0.1,0.1,0.1,0.1
1.9000000000000001,0.0,0.0,-6.629713938111572,0.0,0.0,-9.40757820091961,1.4715000000000003,0.0,0.0,0.0,0.1,0.1,0.1,0.1,0.1
1.9100000000000001,0.0,0.0,-6.724672620120768,0.0,0.0,-9.495868200919611,1.4715000000000003,0.0,0.0,0.0,0.1,0.1,0.1,0.1,0.1
1.92,0.0,0.0,-6.8205142021299645,0.0,0.0,-9.584158200919612,1.4715000000000003,0.0,0.0,0.0,0.1,0.1,0.1,0.1,0.1
1.93,0.0,0.0,-6.917238684139161,0.0,0.0,-9.672448200919613,1.4715000000000003,0.0,0.0,0.0,0.1,0.1,0.1,0.1,0.1
1.94,0.0,0.0,-7.0148460661483565,0.0,0.0,-9.760738200919613,1.4715000000000003,0.0,0.0,0.0,0.1,0.1,0.1,0.1,0.1
1.95,0.0,0.0,-7.113336348157553,0.0,0.0,-9.849028200919614,1.4715000000000003,0.0,0.0,0.0,0.1,0.1,0.1,0.1,0.1
1.96,0.0,0.0,-7.212709530166749,0.0,0.0,-9.937318200919615,1.4715000000000003,0.0,0.0,0.0,0.1,0.1,0.1,0.1,0.1
1.97,0.0,0.0,-7.312965612175945,0.0,0.0,-10.025608200919615,1.4715000000000003,0.0,0.0,0.0,0.1,0.1,0.1,0.1,0.1
1.98,0.0,0.0,-7.414104594185141,0.0,0.0,-10.113898200919616,1.4715000000000003,0.0,0.0,0.0,0.1,0.1,0.1,0.1,0.1
1.99,0.0,0.0,-7.516126476194337,0.0,0.0,-10.202188200919617,1.4715000000000003,0.0,0.0,0.0,0.1,0.1,0.1,0.1,0.1
2.0,0.0,0.0,-7.619031258203533,0.0,0.0,-10.290478200919617,1.4715000000000003,0.0,0.0,0.0,0.1,0.1,0.1,0.1,0.1
2.0100000000000002,0.0,0.0,-7.722818940212729,0.0,0.0,-10.378768200919618,1.4715000000000003,0.0,0.0,0.0,0.1,0.1,0.1,0.1,0.1
2.02,0.0,0.0,-7.827489522221925,0.0,0.0,-10.467058200919618,1.4715000000000003,0.0,0.0,0.0,0.1,0.1,0.1,0.1,0.1
2.0300000000000002,0.0,0.0,-7.933043004231122,0.0,0.0,-10.55534820091962,1.4715000000000003,0.0,0.0,0.0,0.1,0.1,0.1,0.1,0.1
2.04,0.0,0.0,-8.039479386240318,0.0,0.0,-10.64363820091962,1.4715000000000003,0.0,0.0,0.0,0.1,0.1,0.1,0.1,0.1
2.05,0.0,0.0,-8.146798668249515,0.0,0.0,-10.73192820091962,1.4715000000000003,0.0,0.0,0.0,0.1,0.1,0.1,0.1,0.1
2.06,0.0,0.0,-8.25500085025871,0.0,0.0,-10.820218200919621,1.4715000000000003,0.0,0.0,0.0,0.1,0.1,0.1,0.1,0.1
2.07,0.0,0.0,-8.364085932267907,0.0,0.0,-10.908508200919622,1.4715000000000003,0.0,0.0,0.0,0.1,0.1,0.1,0.1,0.1
2.08,0.0,0.0,-8.474053914277103,0.0,0.0,-10.996798200919622,1.4715000000000003,0.0,0.0,0.0,0.1,0.1,0.1,0.1,0.1
2.09,0.0,0.0,-8.584904796286299,0.0,0.0,-11.085088200919623,1.4715000000000003,0.0,0.0,0.0,0.1,0.1,0.1,0.1,0.1
2.1,0.0,0.0,-8.696638578295495,0.0,0.0,-11.173378200919624,1.4715000000000003,0.0,0.0,0.0,0.1,0.1,0.1,0.1,0.1
2.11,0.0,0.0,-8.809255260304692,0.0,0.0,-11.261668200919624,1.4715000000000003,0.0,0.0,0.0,0.1,0.1,0.1,0.1,0.1
2.12,0.0,0.0,-8.922754842313887,0.0,0.0,-11.349958200919625,1.4715000000000003,0.0,0.0,0.0,0.1,0.1,0.1,0.1,0.1
2.13,0.0,0.0,-9.037137324323083,0.0,0.0,-11.438248200919626,1.4715000000000003,0.0,0.0,0.0,0.1,0.1,0.1,0.1,0.1
2.14,0.0,0.0,-9.15240270633228,0.0,0.0,-11.526538200919626,1.4715000000000003,0.0,0.0,0.0,0.1,0.1,0.1,0.1,0.1
2.15,0.0,0.0,-9.268550988341476,0.0,0.0,-11.614828200919627,1.4715000000000003,0.0,0.0,0.0,0.1,0.1,0.1,0.1,0.1
2.16,0.0,0.0,-9.385582170350672,0.0,0.0,-11.703118200919628,1.4715000000000003,0.0,0.0,0.0,0.1,0.1,0.1,0.1,0.1
2.17,0.0,0.0,-9.503496252359868,0.0,0.0,-11.791408200919628,1.4715000000000003,0.0,0.0,0.0,0.1,0.1,0.1,0.1,0.1
2.18,0.0,0.0,-9.622293234369064,0.0,0.0,-11.879698200919629,1.4715000000000003,0.0,0.0,0.0,0.1,0.1,0.1,0.1,0.1
2.19,0.0,0.0,-9.74197311637826,0.0,0.0,-11.96798820091963,1.4715000000000003,0.0,0.0,0.0,0.1,0.1,0.1,0.1,0.1
2.2,0.0,0.0,-9.862535898387456,0.0,0.0,-12.05627820091963,1.4715000000000003,0.0,0.0,0.0,0.1,0.1,0.1,0.1,0.1
2.21,0.0,0.0,-9.983981580396653,0.0,0.0,-12.14456820091963,1.4715000000000003,0.0,0.0,0.0,0.1,0.1,0.1,0.1,0.1
2.22,0.0,0.0,-10.10631016240585,0.0,0.0,-12.232858200919631,1.4715000000000003,0.0,0.0,0.0,0.1,0.1,0.1,0.1,0.1
2.23,0.0,0.0,-10.229521644415046,0.0,0.0,-12.321148200919632,1.4715000000000003,0.0,0.0,0.0,0.1,0.1,0.1,0.1,0.1
2.24,0.0,0.0,-10.353616026424243,0.0,0.0,-12.409438200919633,1.4715000000000003,0.0,0.0,0.0,0.1,0.1,0.1,0.1,0.1
2.25,0.0,0.0,-10.478593308433439,0.0,0.0,-12.497728200919633,1.4715000000000003,0.0,0.0,0.0,0.1,0.1,0.1,0.1,0.1
2.2600000000000002,0.0,0.0,-10.604453490442635,0.0,0.0,-12.586018200919634,1.4715000000000003,0.0,0.0,0.0,0.1,0.1,0.1,0.1,0.1
2.27,0.0,0.0,-10.731196572451832,0.0,0.0,-12.674308200919635,1.4715000000000003,0.0,0.0,0.0,0.1,0.1,0.1,0.1,0.1
2.2800000000000002,0.0,0.0,-10.858822554461028,0.0,0.0,-12.762598200919635,1.4715000000000003,0.0,0.0,0.0,0.1,0.1,0.1,0.1,0.1
2.29,0.0,0.0,-10.987331436470225,0.0,0.0,-12.850888200919636,1.4715000000000003,0.0,0.0,0.0,0.1,0.1,0.1,0.1,0.1
2.3000000000000003,0.0,0.0,-11.116723218479422,0.0,0.0,-12.939178200919637,1.4715000000000003,0.0,0.0,0.0,0.1,0.1,0.1,0.1,0.1
2.31,0.0,0.0,-11.246997900488617,0.0,0.0,-13.027468200919637,1.4715000000000003,0.0,0.0,0.0,0.1,0.1,0.1,0.1,0.1
2.32,0.0,0.0,-11.378155482497814,0.0,0.0,-13.115758200919638,1.4715000000000003,0.0,0.0,0.0,0.1,0.1,0.1,0.1,0.1
2.33,0.0,0.0,-11.51019596450701,0.0,0.0,-13.204048200919638,1.4715000000000003,0.0,0.0,0.0,0.1,0.1,0.1,0.1,0.1
2.34,0.0,0.0,-11.643119346516206,0.0,0.0,-13.29233820091964,1.4715000000000003,0.0,0.0,0.0,0.1,0.1,0.1,0.1,0.1
2.35,0.0,0.0,-11.776925628525403,0.0,0.0,-13.38062820091964,1.4715000000000003,0.0,0.0,0.0,0.1,0.1,0.1,0.1,0.1
2.36,0.0,0.0,-11.9116148105346,0.0,0.0,-13.46891820091964,1.4715000000000003,0.0,0.0,0.0,0.1,0.1,0.1,0.1,0.1
2.37,0.0,0.0,-12.047186892543795,0.0,0.0,-13.557208200919641,1.4715000000000003,0.0,0.0,0.0,0.1,0.1,0.1,0.1,0.1
2.38,0.0,0.0,-12.183641874552992,0.0,0.0,-13.645498200919642,1.4715000000000003,0.0,0.0,0.0,0.1,0.1,0.1,0.1,0.1
2.39,0.0,0.0,-12.320979756562188,0.0,0.0,-13.733788200919642,1.4715000000000003,0.0,0.0,0.0,0.1,0.1,0.1,0.1,0.1
2.4,0.0,0.0,-12.459200538571384,0.0,0.0,-13.822078200919643,1.4715000000000003,0.0,0.0,0.0,0.1,0.1,0.1,0.1,0.1
2.41,0.0,0.0,-12.59830422058058,0.0,0.0,-13.910368200919644,1.4715000000000003,0.0,0.0,0.0,0.1,0.1,0.1,0.1,0.1
2.42,0.0,0.0,-12.738290802589777,0.0,0.0,-13.998658200919644,1.4715000000000003,0.0,0.0,0.0,0.1,0.1,0.1,0.1,0.1
2.43,0.0,0.0,-12.879160284598973,0.0,0.0,-14.086948200919645,1.4715000000000003,0.0,0.0,0.0,0.1,0.1,0.1,0.1,0.1
2.44,0.0,0.0,-13.020912666608169,0.0,0.0,-14.175238200919646,1.4715000000000003,0.0,0.0,0.0,0.1,0.1,0.1,0.1,0.1
2.45,0.0,0.0,-13.163547948617365,0.0,0.0,-14.263528200919646,1.4715000000000003,0.0,0.0,0.0,0.1,0.1,0.1,0.1,0.1
2.46,0.0,0.0,-13.307066130626563,0.0,0.0,-14.351818200919647,1.4715000000000003,0.0,0.0,0.0,0.1,0.1,0.1,0.1,0.1
2.47,0.0,0.0,-13.451467212635759,0.0,0.0,-14.440108200919648,1.4715000000000003,0.0,0.0,0.0,0.1,0.1,0.1,0.1,0.1
2.48,0.0,0.0,-13.596751194644956,0.0,0.0,-14.528398200919648,1.4715000000000003,0.0,0.0,0.0,0.1,0.1,0.1,0.1,0.1
2.49,0.0,0.0,-13.742918076654153,0.0,0.0,-14.616688200919649,1.4715000000000003,0.0,0.0,0.0,0.1,0.1,0.1,0.1,0.1
2.5,0.0,0.0,-13.889967858663349,0.0,0.0,-14.70497820091965,1.4715000000000003,0.0,0.0,0.0,0.1,0.1,0.1,0.1,0.1
2.5100000000000002,0.0,0.0,-14.037900540672545,0.0,0.0,-14.79326820091965,1.4715000000000003,0.0,0.0,0.0,0.1,0.1,0.1,0.1,0.1
2.52,0.0,0.0,-14.186716122681743,0.0,0.0,-14.88155820091965,1.4715000000000003,0.0,0.0,0.0,0.1,0.1,0.1,0.1,0.1
2.5300000000000002,0.0,0.0,-14.336414604690939,0.0,0.0,-14.969848200919651,1.4715000000000003,0.0,0.0,0.0,0.1,0.1,0.1,0.1,0.1
2.54,0.0,0.0,-14.486995986700135,0.0,0.0,-15.058138200919652,1.4715000000000003,0.0,0.0,0.0,0.1,0.1,0.1,0.1,0.1
2.5500000000000003,0.0,0.0,-14.638460268709332,0.0,0.0,-15.146428200919653,1.4715000000000003,0.0,0.0,0.0,0.1,0.1,0.1,0.1,0.1
2.56,0.0,0.0,-14.790807450718528,0.0,0.0,-15.234718200919653,1.4715000000000003,0.0,0.0,0.0,0.1,0.1,0.1,0.1,0.1
2.57,0.0,0.0,-14.944037532727725,0.0,0.0,-15.323008200919654,1.4715000000000003,0.0,0.0,0.0,0.1,0.1,0.1,0.1,0.1
2.58,0.0,0.0,-15.098150514736922,0.0,0.0,-15.411298200919655,1.4715000000000003,0.0,0.0,0.0,0.1,0.1,0.1,0.1,0.1
2.59,0.0,0.0,-15.253146396746118,0.0,0.0,-15.499588200919655,1.4715000000000003,0.0,0.0,0.0,0.1,0.1,0.1,0.1,0.1
2.6,0.0,0.0,-15.409025178755314,0.0,0.0,-15.587878200919656,1.4715000000000003,0.0,0.0,0.0,0.1,0.1,0.1,0.1,0.1
2.61,0.0,0.0,-15.565786860764511,0.0,0.0,-15.676168200919657,1.4715000000000003,0.0,0.0,0.0,0.1,0.1,0.1,0.1,0.1
2.62,0.0,0.0,-15.723431442773707,0.0,0.0,-15.764458200919657,1.4715000000000003,0.0,0.0,0.0,0.1,0.1,0.1,0.1,0.1
2.63,0.0,0.0,-15.881958924782904,0.0,0.0,-15.852748200919658,1.4715000000000003,0.0,0.0,0.0,0.1,0.1,0.1,0.1,0.1
2.64,0.0,0.0,-16.0413693067921,0.0,0.0,-15.941038200919659,1.4715000000000003,0.0,0.0,0.0,0.1,0.1,0.1,0.1,0.1
2.65,0.0,0.0,-16.201662588801295,0.0,0.0,-16.029328200919657,1.4715000000000003,0.0,0.0,0.0,0.1,0.1,0.1,0.1,0.1
2.66,0.0,0.0,-16.36283877081049,0.0,0.0,-16.117618200919658,1.4715000000000003,0.0,0.0,0.0,0.1,0.1,0.1,0.1,0.1
2.67,0.0,0.0,-16.524897852819688,0.0,0.0,-16.20590820091966,1.4715000000000003,0.0,0.0,0.0,0.1,0.1,0.1,0.1,0.1
2.68,0.0,0.0,-16.687839834828885,0.0,0.0,-16.29419820091966,1.4715000000000003,0.0,0.0,0.0,0.1,0.1,0.1,0.1,0.1
2.69,0.0,0.0,-16.851664716838084,0.0,0.0,-16.38248820091966,1.4715000000000003,0.0,0.0,0.0,0.1,0.1,0.1,0.1,0.1
2.7,0.0,0.0,-17.01637249884728,0.0,0.0,-16.47077820091966,1.4715000000000003,0.0,0.0,0.0,0.1,0.1,0.1,0.1,0.1
2.71,0.0,0.0,-17.181963180856474,0.0,0.0,-16.55906820091966,1.4715000000000003,0.0,0.0,0.0,0.1,0.1,0.1,0.1,0.1
2.72,0.0,0.0,-17.34843676286567,0.0,0.0,-16.647358200919662,1.4715000000000003,0.0,0.0,0.0,0.1,0.1,0.1,0.1,0.1
2.73,0.0,0.0,-17.515793244874867,0.0,0.0,-16.735648200919663,1.4715000000000003,0.0,0.0,0.0,0.1,0.1,0.1,0.1,0.1
2.74,0.0,0.0,-17.684032626884065,0.0,0.0,-16.823938200919663,1.4715000000000003,0.0,0.0,0.0,0.1,0.1,0.1,0.1,0.1
2.75,0.0,0.0,-17.853154908893263,0.0,0.0,-16.912228200919664,1.4715000000000003,0.0,0.0,0.0,0.1,0.1,0.1,0.1,0.1
2.7600000000000002,0.0,0.0,-18.023160090902458,0.0,0.0,-17.000518200919664,1.4715000000000003,0.0,0.0,0.0,0.1,0.1,0.1,0.1,0.1
2.77,0.0,0.0,-18.194048172911653,0.0,0.0,-17.088808200919665,1.4715000000000003,0.0,0.0,0.0,0.1,0.1,0.1,0.1,0.1
2.7800000000000002,0.0,0.0,-18.36581915492085,0.0,0.0,-17.177098200919666,1.4715000000000003,0.0,0.0,0.0,0.1,0.1,0.1,0.1,0.1
2.79,0.0,0.0,-18.538473036930046,0.0,0.0,-17.265388200919666,1.4715000000000003,0.0,0.0,0.0,0.1,0.1,0.1,0.1,0.1
2.8000000000000003,0.0,0.0,-18.712009818939244,0.0,0.0,-17.353678200919667,1.4715000000000003,0.0,0.0,0.0,0.1,0.1,0.1,0.1,0.1
2.81,0.0,0.0,-18.88642950094844,0.0,0.0,-17.441968200919668,1.4715000000000003,0.0,0.0,0.0,0.1,0.1,0.1,0.1,0.1
2.82,0.0,0.0,-19.06173208295764,0.0,0.0,-17.53025820091967,1.4715000000000003,0.0,0.0,0.0,0.1,0.1,0.1,0.1,0.1
2.83,0.0,0.0,-19.237917564966835,0.0,0.0,-17.61854820091967,1.4715000000000003,0.0,0.0,0.0,0.1,0.1,0.1,0.1,0.1
2.84,0.0,0.0,-19.41498594697603,0.0,0.0,-17.70683820091967,1.4715000000000003,0.0,0.0,0.0,0.1,0.1,0.1,0.1,0.1
2.85,0.0,0.0,-19.592937228985228,0.0,0.0,-17.79512820091967,1.4715000000000003,0.0,0.0,0.0,0.1,0.1,0.1,0.1,0.1
2.86,0.0,0.0,-19.771771410994425,0.0,0.0,-17.88341820091967,1.4715000000000003,0.0,0.0,0.0,0.1,0.1,0.1,0.1,0.1
2.87,0.0,0.0,-19.951488493003623,0.0,0.0,-17.97170820091967,1.4715000000000003,0.0,0.0,0.0,0.1,0.1,0.1,0.1,0.1
2.88,0.0,0.0,-20.13208847501282,0.0,0.0,-18.059998200919672,1.4715000000000003,0.0,0.0,0.0,0.1,0.1,0.1,0.1,0.1
2.89,0.0,0.0,-20.313571357022017,0.0,0.0,-18.148288200919673,1.4715000000000003,0.0,0.0,0.0,0.1,0.1,0.1,0.1,0.1
2.9,0.0,0.0,-20.495937139031213,0.0,0.0,-18.236578200919674,1.4715000000000003,0.0,0.0,0.0,0.1,0.1,0.1,0.1,0.1
2.91,0.0,0.0,-20.67918582104041,0.0,0.0,-18.324868200919674,1.4715000000000003,0.0,0.0,0.0,0.1,0.1,0.1,0.1,0.1
2.92,0.0,0.0,-20.863317403049606,0.0,0.0,-18.413158200919675,1.4715000000000003,0.0,0.0,0.0,0.1,0.1,0.1,0.1,0.1
2.93,0.0,0.0,-21.048331885058804,0.0,0.0,-18.501448200919675,1.4715000000000003,0.0,0.0,0.0,0.1,0.1,0.1,0.1,0.1
2.94,0.0,0.0,-21.234229267068002,0.0,0.0,-18.589738200919676,1.4715000000000003,0.0,0.0,0.0,0.1,0.1,0.1,0.1,0.1
2.95,0.0,0.0,-21.421009549077198,0.0,0.0,-18.678028200919677,1.4715000000000003,0.0,0.0,0.0,0.1,0.1,0.1,0.1,0.1
2.96,0.0,0.0,-21.608672731086394,0.0,0.0,-18.766318200919677,1.4715000000000003,0.0,0.0,0.0,0.1,0.1,0.1,0.1,0.1
2.97,0.0,0.0,-21.79721881309559,0.0,0.0,-18.854608200919678,1.4715000000000003,0.0,0.0,0.0,0.1,0.1,0.1,0.1,0.1
2.98,0.0,0.0,-21.986647795104787,0.0,0.0,-18.94289820091968,1.4715000000000003,0.0,0.0,0.0,0.1,0.1,0.1,0.1,0.1
2.99,0.0,0.0,-22.176959677113985,0.0,0.0,-19.03118820091968,1.4715000000000003,0.0,0.0,0.0,0.1,0.1,0.1,0.1,0.1
3.0,0.0,0.0,-22.368154459123183,0.0,0.0,-19.11947820091968,1.4715000000000003,0.0,0.0,0.0,0.1,0.1,0.1,0.1,0.1
3.0100000000000002,0.0,0.0,-22.560232141132378,0.0,0.0,-19.20776820091968,1.4715000000000003,0.0,0.0,0.0,0.1,0.1,0.1,0.1,0.1
3.02,0.0,0.0,-22.753192723141574,0.0,0.0,-19.29605820091968,1.4715000000000003,0.0,0.0,0.0,0.1,0.1,0.1,0.1,0.1
3.0300000000000002,0.0,0.0,-22.94703620515077,0.0,0.0,-19.384348200919682,1.4715000000000003,0.0,0.0,0.0,0.1,0.1,0.1,0.1,0.1
3.04,0.0,0.0,-23.141762587159967,0.0,0.0,-19.472638200919683,1.4715000000000003,0.0,0.0,0.0,0.1,0.1,0.1,0.1,0.1
3.0500000000000003,0.0,0.0,-23.337371869169164,0.0,0.0,-19.560928200919683,1.4715000000000003,0.0,0.0,0.0,0.1,0.1,0.1,0.1,0.1
3.06,0.0,0.0,-23.533864051178362,0.0,0.0,-19.649218200919684,1.4715000000000003,0.0,0.0,0.0,0.1,0.1,0.1,0.1,0.1
3.0700000000000003,0.0,0.0,-23.731239133187557,0.0,0.0,-19.737508200919684,1.4715000000000003,0.0,0.0,0.0,0.1,0.1,0.1,0.1,0.1
3.08,0.0,0.0,-23.929497115196753,0.0,0.0,-19.825798200919685,1.4715000000000003,0.0,0.0,0.0,0.1,0.1,0.1,0.1,0.1
3.09,0.0,0.0,-24.12863799720595,0.0,0.0,-19.914088200919686,1.4715000000000003,0.0,0.0,0.0,0.1,0.1,0.1,0.1,0.1
3.1,0.0,0.0,-24.328661779215146,0.0,0.0,-20.002378200919686,1.4715000000000003,0.0,0.0,0.0,0.1,0.1,0.1,0.1,0.1
3.11,0.0,0.0,-24.529568461224343,0.0,0.0,-20.090668200919687,1.4715000000000003,0.0,0.0,0.0,0.1,0.1,0.1,0.1,0.1
3.12,0.0,0.0,-24.73135804323354,0.0,0.0,-20.178958200919688,1.4715000000000003,0.0,0.0,0.0,0.1,0.1,0.1,0.1,0.1
3.13,0.0,0.0,-24.93403052524274,0.0,0.0,-20.26724820091969,1.4715000000000003,0.0,0.0,0.0,0.1,0.1,0.1,0.1,0.1
3.14,0.0,0.0,-25.137585907251935,0.0,0.0,-20.35553820091969,1.4715000000000003,0.0,0.0,0.0,0.1,0.1,0.1,0.1,0.1
3.15,0.0,0.0,-25.34202418926113,0.0,0.0,-20.44382820091969,1.4715000000000003,0.0,0.0,0.0,0.1,0.1,0.1,0.1,0.1
3.16,0.0,0.0,-25.54734537127033,0.0,0.0,-20.53211820091969,1.4715000000000003,0.0,0.0,0.0,0.1,0.1,0.1,0.1,0.1
3.17,0.0,0.0,-25.753549453279525,0.0,0.0,-20.62040820091969,1.4715000000000003,0.0,0.0,0.0,0.1,0.1,0.1,0.1,0.1
3.18,0.0,0.0,-25.960636435288723,0.0,0.0,-20.70869820091969,1.4715000000000003,0.0,0.0,0.0,0.1,0.1,0.1,0.1,0.1
3.19,0.0,0.0,-26.16860631729792,0.0,0.0,-20.796988200919692,1.4715000000000003,0.0,0.0,0.0,0.1,0.1,0.1,0.1,0.1
3.2,0.0,0.0,-26.377459099307117,0.0,0.0,-20.885278200919693,1.4715000000000003,0.0,0.0,0.0,0.1,0.1,0.1,0.1,0.1
3.21,0.0,0.0,-26.587194781316313,0.0,0.0,-20.973568200919694,1.4715000000000003,0.0,0.0,0.0,0.1,0.1,0.1,0.1,0.1
3.22,0.0,0.0,-26.79781336332551,0.0,0.0,-21.061858200919694,1.4715000000000003,0.0,0.0,0.0,0.1,0.1,0.1,0.1,0.1
3.23,0.0,0.0,-27.009314845334707,0.0,0.0,-21.150148200919695,1.4715000000000003,0.0,0.0,0.0,0.1,0.1,0.1,0.1,0.1
3.24,0.0,0.0,-27.221699227343905,0.0,0.0,-21.238438200919695,1.4715000000000003,0.0,0.0,0.0,0.1,0.1,0.1,0.1,0.1
3.25,0.0,0.0,-27.434966509353103,0.0,0.0,-21.326728200919696,1.4715000000000003,0.0,0.0,0.0,0.1,0.1,0.1,0.1,0.1
3.2600000000000002,0.0,0.0,-27.6491166913623,0.0,0.0,-21.415018200919697,1.4715000000000003,0.0,0.0,0.0,0.1,0.1,0.1,0.1,0.1
3.27,0.0,0.0,-27.864149773371494,0.0,0.0,-21.503308200919697,1.4715000000000003,0.0,0.0,0.0,0.1,0.1,0.1,0.1,0.1
3.2800000000000002,0.0,0.0,-28.08006575538069,0.0,0.0,-21.591598200919698,1.4715000000000003,0.0,0.0,0.0,0.1,0.1,0.1,0.1,0.1
3.29,0.0,0.0,-28.296864637389888,0.0,0.0,-21.6798882009197,1.4715000000000003,0.0,0.0,0.0,0.1,0.1,0.1,0.1,0.1
3.3000000000000003,0.0,0.0,-28.514546419399085,0.0,0.0,-21.7681782009197,1.4715000000000003,0.0,0.0,0.0,0.1,0.1,0.1,0.1,0.1
3.31,0.0,0.0,-28.733111101408284,0.0,0.0,-21.8564682009197,1.4715000000000003,0.0,0.0,0.0,0.1,0.1,0.1,0.1,0.1
3.3200000000000003,0.0,0.0,-28.95255868341748,0.0,0.0,-21.9447582009197,1.4715000000000003,0.0,0.0,0.0,0.1,0.1,0.1,0.1,0.1
3.33,0.0,0.0,-29.172889165426675,0.0,0.0,-22.0330482009197,1.4715000000000003,0.0,0.0,0.0,0.1,0.1,0.1,0.1,0.1
3.34,0.0,0.0,-29.39410254743587,0.0,0.0,-22.121338200919702,1.4715000000000003,0.0,0.0,0.0,0.1,0.1,0.1,0.1,0.1
3.35,0.0,0.0,-29.616198829445068,0.0,0.0,-22.209628200919703,1.4715000000000003,0.0,0.0,0.0,0.1,0.1,0.1,0.1,0.1
3.36,0.0,0.0,-29.839178011454266,0.0,0.0,-22.297918200919703,1.4715000000000003,0.0,0.0,0.0,0.1,0.1,0.1,0.1,0.1
3.37,0.0,0.0,-30.063040093463464,0.0,0.0,-22.386208200919704,1.4715000000000003,0.0,0.0,0.0,0.1,0.1,0.1,0.1,0.1
3.38,0.0,0.0,-30.287785075472662,0.0,0.0,-22.474498200919705,1.4715000000000003,0.0,0.0,0.0,0.1,0.1,0.1,0.1,0.1
3.39,0.0,0.0,-30.513412957481858,0.0,0.0,-22.562788200919705,1.4715000000000003,0.0,0.0,0.0,0.1,0.1,0.1,0.1,0.1
3.4,0.0,0.0,-30.739923739491054,0.0,0.0,-22.651078200919706,1.4715000000000003,0.0,0.0,0.0,0.1,0.1,0.1,0.1,0.1
3.41,0.0,0.0,-30.96731742150025,0.0,0.0,-22.739368200919706,1.4715000000000003,0.0,0.0,0.0,0.1,0.1,0.1,0.1,0.1
3.42,0.0,0.0,-31.19559400350945,0.0,0.0,-22.827658200919707,1.4715000000000003,0.0,0.0,0.0,0.1,0.1,0.1,0.1,0.1
3.43,0.0,0.0,-31.424753485518647,0.0,0.0,-22.915948200919708,1.4715000000000003,0.0,0.0,0.0,0.1,0.1,0.1,0.1,0.1
3.44,0.0,0.0,-31.654795867527845,0.0,0.0,-23.00423820091971,1.4715000000000003,0.0,0.0,0.0,0.1,0.1,0.1,0.1,0.1
3.45,0.0,0.0,-31.88572114953704,0.0,0.0,-23.09252820091971,1.4715000000000003,0.0,0.0,0.0,0.1,0.1,0.1,0.1,0.1
3.46,0.0,0.0,-32.11752933154624,0.0,0.0,-23.18081820091971,1.4715000000000003,0.0,0.0,0.0,0.1,0.1,0.1,0.1,0.1
3.47,0.0,0.0,-32.350220413555434,0.0,0.0,-23.26910820091971,1.4715000000000003,0.0,0.0,0.0,0.1,0.1,0.1,0.1,0.1
3.48,0.0,0.0,-32.58379439556463,0.0,0.0,-23.35739820091971,1.4715000000000003,0.0,0.0,0.0,0.1,0.1,0.1,0.1,0.1
3.49,0.0,0.0,-32.81825127757383,0.0,0.0,-23.44568820091971,1.4715000000000003,0.0,0.0,0.0,0.1,0.1,0.1,0.1,0.1
3.5,0.0,0.0,-33.05359105958303,0.0,0.0,-23.533978200919712,1.4715000000000003,0.0,0.0,0.0,0.1,0.1,0.1,0.1,0.1
3.5100000000000002,0.0,0.0,-33.289813741592226,0.0,0.0,-23.622268200919713,1.4715000000000003,0.0,0.0,0.0,0.1,0.1,0.1,0.1,0.1
3.52,0.0,0.0,-33.526919323601426,0.0,0.0,-23.710558200919714,1.4715000000000003,0.0,0.0,0.0,0.1,0.1,0.1,0.1,0.1
3.5300000000000002,0.0,0.0,-33.764907805610626,0.0,0.0,-23.798848200919714,1.4715000000000003,0.0,0.0,0.0,0.1,0.1,0.1,0.1,0.1
3.54,0.0,0.0,-34.00377918761982,0.0,0.0,-23.887138200919715,1.4715000000000003,0.0,0.0,0.0,0.1,0.1,0.1,0.1,0.1
3.5500000000000003,0.0,0.0,-34.243533469629014,0.0,0.0,-23.975428200919715,1.4715000000000003,0.0,0.0,0.0,0.1,0.1,0.1,0.1,0.1
3.56,0.0,0.0,-34.48417065163821,0.0,0.0,-24.063718200919716,1.4715000000000003,0.0,0.0,0.0,0.1,0.1,0.1,0.1,0.1
3.5700000000000003,0.0,0.0,-34.725690733647404,0.0,0.0,-24.152008200919717,1.4715000000000003,0.0,0.0,0.0,0.1,0.1,0.1,0.1,0.1
3.58,0.0,0.0,-34.9680937156566,0.0,0.0,-24.240298200919717,1.4715000000000003,0.0,0.0,0.0,0.1,0.1,0.1,0.1,0.1
3.59,0.0,0.0,-35.2113795976658,0.0,0.0,-24.328588200919718,1.4715000000000003,0.0,0.0,0.0,0.1,0.1,0.1,0.1,0.1
3.6,0.0,0.0,-35.455548379674994,0.0,0.0,-24.41687820091972,1.4715000000000003,0.0,0.0,0.0,0.1,0.1,0.1,0.1,0.1
3.61,0.0,0.0,-35.70060006168419,0.0,0.0,-24.50516820091972,1.4715000000000003,0.0,0.0,0.0,0.1,0.1,0.1,0.1,0.1
3.62,0.0,0.0,-35.94653464369339,0.0,0.0,-24.59345820091972,1.4715000000000003,0.0,0.0,0.0,0.1,0.1,0.1,0.1,0.1
3.63,0.0,0.0,-36.19335212570259,0.0,0.0,-24.68174820091972,1.4715000000000003,0.0,0.0,0.0,0.1,0.1,0.1,0.1,0.1
3.64,0.0,0.0,-36.44105250771179,0.0,0.0,-24.77003820091972,1.4715000000000003,0.0,0.0,0.0,0.1,0.1,0.1,0.1,0.1
3.65,0.0,0.0,-36.68963578972099,0.0,0.0,-24.858328200919722,1.4715000000000003,0.0,0.0,0.0,0.1,0.1,0.1,0.1,0.1
3.66,0.0,0.0,-36.93910197173019,0.0,0.0,-24.946618200919723,1.4715000000000003,0.0,0.0,0.0,0.1,0.1,0.1,0.1,0.1
3.67,0.0,0.0,-37.18945105373938,0.0,0.0,-25.034908200919723,1.4715000000000003,0.0,0.0,0.0,0.1,0.1,0.1,0.1,0.1
3.68,0.0,0.0,-37.44068303574858,0.0,0.0,-25.123198200919724,1.4715000000000003,0.0,0.0,0.0,0.1,0.1,0.1,0.1,0.1
3.69,0.0,0.0,-37.69279791775777,0.0,0.0,-25.211488200919725,1.4715000000000003,0.0,0.0,0.0,0.1,0.1,0.1,0.1,0.1
3.7,0.0,0.0,-37.94579569976697,0.0,0.0,-25.299778200919725,1.4715000000000003,0.0,0.0,0.0,0.1,0.1,0.1,0.1,0.1
3.71,0.0,0.0,-38.199676381776165,0.0,0.0,-25.388068200919726,1.4715000000000003,0.0,0.0,0.0,0.1,0.1,0.1,0.1,0.1
3.72,0.0,0.0,-38.45443996378536,0.0,0.0,-25.476358200919726,1.4715000000000003,0.0,0.0,0.0,0.1,0.1,0.1,0.1,0.1
3.73,0.0,0.0,-38.71008644579456,0.0,0.0,-25.564648200919727,1.4715000000000003,0.0,0.0,0.0,0.1,0.1,0.1,0.1,0.1
3.74,0.0,0.0,-38.96661582780376,0.0,0.0,-25.652938200919728,1.4715000000000003,0.0,0.0,0.0,0.1,0.1,0.1,0.1,0.1
3.75,0.0,0.0,-39.224028109812956,0.0,0.0,-25.74122820091973,1.4715000000000003,0.0,0.0,0.0,0.1,0.1,0.1,0.1,0.1
3.7600000000000002,0.0,0.0,-39.482323291822155,0.0,0.0,-25.82951820091973,1.4715000000000003,0.0,0.0,0.0,0.1,0.1,0.1,0.1,0.1
3.77,0.0,0.0,-39.741501373831355,0.0,0.0,-25.91780820091973,1.4715000000000003,0.0,0.0,0.0,0.1,0.1,0.1,0.1,0.1
3.7800000000000002,0.0,0.0,-40.001562355840555,0.0,0.0,-26.00609820091973,1.4715000000000003,0.0,0.0,0.0,0.1,0.1,0.1,0.1,0.1
3.79,0.0,0.0,-40.26250623784975,0.0,0.0,-26.09438820091973,1.4715000000000003,0.0,0.0,0.0,0.1,0.1,0.1,0.1,0.1
3.8000000000000003,0.0,0.0,-40.52433301985894,0.0,0.0,-26.18267820091973,1.4715000000000003,0.0,0.0,0.0,0.1,0.1,0.1,0.1,0.1
3.81,0.0,0.0,-40.78704270186814,0.0,0.0,-26.270968200919732,1.4715000000000003,0.0,0.0,0.0,0.1,0.1,0.1,0.1,0.1
3.8200000000000003,0.0,0.0,-41.050635283877334,0.0,0.0,-26.359258200919733,1.4715000000000003,0.0,0.0,0.0,0.1,0.1,0.1,0.1,0.1
3.83,0.0,0.0,-41.31511076588653,0.0,0.0,-26.447548200919734,1.4715000000000003,0.0,0.0,0.0,0.1,0.1,0.1,0.1,0.1
3.84,0.0,0.0,-41.58046914789573,0.0,0.0,-26.535838200919734,1.4715000000000003,0.0,0.0,0.0,0.1,0.1,0.1,0.1,0.1
3.85,0.0,0.0,-41.846710429904924,0.0,0.0,-26.624128200919735,1.4715000000000003,0.0,0.0,0.0,0.1,0.1,0.1,0.1,0.1
3.86,0.0,0.0,-42.11383461191412,0.0,0.0,-26.712418200919736,1.4715000000000003,0.0,0.0,0.0,0.1,0.1,0.1,0.1,0.1
3.87,0.0,0.0,-42.38184169392332,0.0,0.0,-26.800708200919736,1.4715000000000003,0.0,0.0,0.0,0.1,0.1,0.1,0.1,0.1
3.88,0.0,0.0,-42.65073167593252,0.0,0.0,-26.888998200919737,1.4715000000000003,0.0,0.0,0.0,0.1,0.1,0.1,0.1,0.1
3.89,0.0,0.0,-42.92050455794172,0.0,0.0,-26.977288200919737,1.4715000000000003,0.0,0.0,0.0,0.1,0.1,0.1,0.1,0.1
3.9,0.0,0.0,-43.19116033995092,0.0,0.0,-27.065578200919738,1.4715000000000003,0.0,0.0,0.0,0.1,0.1,0.1,0.1,0.1
3.91,0.0,0.0,-43.46269902196012,0.0,0.0,-27.15386820091974,1.4715000000000003,0.0,0.0,0.0,0.1,0.1,0.1,0.1,0.1
3.92,0.0,0.0,-43.735120603969314,0.0,0.0,-27.24215820091974,1.4715000000000003,0.0,0.0,0.0,0.1,0.1,0.1,0.1,0.1
3.93,0.0,0.0,-44.00842508597851,0.0,0.0,-27.33044820091974,1.4715000000000003,0.0,0.0,0.0,0.1,0.1,0.1,0.1,0.1
3.94,0.0,0.0,-44.282612467987704,0.0,0.0,-27.41873820091974,1.4715000000000003,0.0,0.0,0.0,0.1,0.1,0.1,0.1,0.1
3.95,0.0,0.0,-44.5576827499969,0.0,0.0,-27.50702820091974,1.4715000000000003,0.0,0.0,0.0,0.1,0.1,0.1,0.1,0.1
3.96,0.0,0.0,-44.833635932006096,0.0,0.0,-27.595318200919742,1.4715000000000003,0.0,0.0,0.0,0.1,0.1,0.1,0.1,0.1
3.97,0.0,0.0,-45.11047201401529,0.0,0.0,-27.683608200919743,1.4715000000000003,0.0,0.0,0.0,0.1,0.1,0.1,0.1,0.1
3.98,0.0,0.0,-45.38819099602449,0.0,0.0,-27.771898200919743,1.4715000000000003,0.0,0.0,0.0,0.1,0.1,0.1,0.1,0.1
3.99,0.0,0.0,-45.66679287803369,0.0,0.0,-27.860188200919744,1.4715000000000003,0.0,0.0,0.0,0.1,0.1,0.1,0.1,0.1
4.0,0.0,0.0,-45.94627766004289,0.0,0.0,-27.948478200919745,1.4715000000000003,0.0,0.0,0.0,0.1,0.1,0.1,0.1,0.1
4.01,0.0,0.0,-46.22664534205209,0.0,0.0,-28.036768200919745,1.4715000000000003,0.0,0.0,0.0,0.1,0.1,0.1,0.1,0.1
4.0200000000000005,0.0,0.0,-46.50789592406129,0.0,0.0,-28.125058200919746,1.4715000000000003,0.0,0.0,0.0,0.1,0.1,0.1,0.1,0.1
4.03,0.0,0.0,-46.79002940607049,0.0,0.0,-28.213348200919746,1.4715000000000003,0.0,0.0,0.0,0.1,0.1,0.1,0.1,0.1
4.04,0.0,0.0,-47.07304578807968,0.0,0.0,-28.301638200919747,1.4715000000000003,0.0,0.0,0.0,0.1,0.1,0.1,0.1,0.1
4.05,0.0,0.0,-47.35694507008888,0.0,0.0,-28.389928200919748,1.4715000000000003,0.0,0.0,0.0,0.1,0.1,0.1,0.1,0.1
4.0600000000000005,0.0,0.0,-47.64172725209807,0.0,0.0,-28.47821820091975,1.4715000000000003,0.0,0.0,0.0,0.1,0.1,0.1,0.1,0.1
4.07,0.0,0.0,-47.92739233410727,0.0,0.0,-28.56650820091975,1.4715000000000003,0.0,0.0,0.0,0.1,0.1,0.1,0.1,0.1
4.08,0.0,0.0,-48.213940316116464,0.0,0.0,-28.65479820091975,1.4715000000000003,0.0,0.0,0.0,0.1,0.1,0.1,0.1,0.1
4.09,0.0,0.0,-48.50137119812566,0.0,0.0,-28.74308820091975,1.4715000000000003,0.0,0.0,0.0,0.1,0.1,0.1,0.1,0.1
4.1,0.0,0.0,-48.78968498013486,0.0,0.0,-28.83137820091975,1.4715000000000003,0.0,0.0,0.0,0.1,0.1,0.1,0.1,0.1
4.11,0.0,0.0,-49.078881662144056,0.0,0.0,-28.91966820091975,1.4715000000000003,0.0,0.0,0.0,0.1,0.1,0.1,0.1,0.1
4.12,0.0,0.0,-49.368961244153255,0.0,0.0,-29.007958200919752,1.4715000000000003,0.0,0.0,0.0,0.1,0.1,0.1,0.1,0.1
4.13,0.0,0.0,-49.659923726162454,0.0,0.0,-29.096248200919753,1.4715000000000003,0.0,0.0,0.0,0.1,0.1,0.1,0.1,0.1
4.14,0.0,0.0,-49.95176910817165,0.0,0.0,-29.184538200919754,1.4715000000000003,0.0,0.0,0.0,0.1,0.1,0.1,0.1,0.1
4.15,0.0,0.0,-50.244497390180854,0.0,0.0,-29.272828200919754,1.4715000000000003,0.0,0.0,0.0,0.1,0.1,0.1,0.1,0.1
4.16,0.0,0.0,-50.538108572190055,0.0,0.0,-29.361118200919755,1.4715000000000003,0.0,0.0,0.0,0.1,0.1,0.1,0.1,0.1
4.17,0.0,0.0,-50.83260265419925,0.0,0.0,-29.449408200919756,1.4715000000000003,0.0,0.0,0.0,0.1,0.1,0.1,0.1,0.1
4.18,0.0,0.0,-51.127979636208444,0.0,0.0,-29.537698200919756,1.4715000000000003,0.0,0.0,0.0,0.1,0.1,0.1,0.1,0.1
4.19,0.0,0.0,-51.42423951821764,0.0,0.0,-29.625988200919757,1.4715000000000003,0.0,0.0,0.0,0.1,0.1,0.1,0.1,0.1
4.2,0.0,0.0,-51.721382300226836,0.0,0.0,-29.714278200919757,1.4715000000000003,0.0,0.0,0.0,0.1,0.1,0.1,0.1,0.1
4.21,0.0,0.0,-52.01940798223603,0.0,0.0,-29.802568200919758,1.4715000000000003,0.0,0.0,0.0,0.1,0.1,0.1,0.1,0.1
4.22,0.0,0.0,-52.31831656424523,0.0,0.0,-29.89085820091976,1.4715000000000003,0.0,0.0,0.0,0.1,0.1,0.1,0.1,0.1
4.23,0.0,0.0,-52.61810804625443,0.0,0.0,-29.97914820091976,1.4715000000000003,0.0,0.0,0.0,0.1,0.1,0.1,0.1,0.1
4.24,0.0,0.0,-52.918782428263626,0.0,0.0,-30.06743820091976,1.4715000000000003,0.0,0.0,0.0,0.1,0.1,0.1,0.1,0.1
4.25,0.0,0.0,-53.220339710272825,0.0,0.0,-30.15572820091976,1.4715000000000003,0.0,0.0,0.0,0.1,0.1,0.1,0.1,0.1
4.26,0.0,0.0,-53.522779892282024,0.0,0.0,-30.24401820091976,1.4715000000000003,0.0,0.0,0.0,0.1,0.1,0.1,0.1,0.1
4.2700000000000005,0.0,0.0,-53.826102974291224,0.0,0.0,-30.332308200919762,1.4715000000000003,0.0,0.0,0.0,0.1,0.1,0.1,0.1,0.1
4.28,0.0,0.0,-54.130308956300425,0.0,0.0,-30.420598200919763,1.4715000000000003,0.0,0.0,0.0,0.1,0.1,0.1,0.1,0.1
4.29,0.0,0.0,-54.43539783830962,0.0,0.0,-30.508888200919763,1.4715000000000003,0.0,0.0,0.0,0.1,0.1,0.1,0.1,0.1
4.3,0.0,0.0,-54.741369620318814,0.0,0.0,-30.597178200919764,1.4715000000000003,0.0,0.0,0.0,0.1,0.1,0.1,0.1,0.1
4.3100000000000005,0.0,0.0,-55.04822430232801,0.0,0.0,-30.685468200919765,1.4715000000000003,0.0,0.0,0.0,0.1,0.1,0.1,0.1,0.1
4.32,0.0,0.0,-55.355961884337205,0.0,0.0,-30.773758200919765,1.4715000000000003,0.0,0.0,0.0,0.1,0.1,0.1,0.1,0.1
4.33,0.0,0.0,-55.6645823663464,0.0,0.0,-30.862048200919766,1.4715000000000003,0.0,0.0,0.0,0.1,0.1,0.1,0.1,0.1
4.34,0.0,0.0,-55.9740857483556,0.0,0.0,-30.950338200919767,1.4715000000000003,0.0,0.0,0.0,0.1,0.1,0.1,0.1,0.1
4.3500000000000005,0.0,0.0,-56.284472030364796,0.0,0.0,-31.038628200919767,1.4715000000000003,0.0,0.0,0.0,0.1,0.1,0.1,0.1,0.1
4.36,0.0,0.0,-56.595741212373994,0.0,0.0,-31.126918200919768,1.4715000000000003,0.0,0.0,0.0,0.1,0.1,0.1,0.1,0.1
4.37,0.0,0.0,-56.90789329438319,0.0,0.0,-31.21520820091977,1.4715000000000003,0.0,0.0,0.0,0.1,0.1,0.1,0.1,0.1
4.38,0.0,0.0,-57.22092827639239,0.0,0.0,-31.30349820091977,1.4715000000000003,0.0,0.0,0.0,0.1,0.1,0.1,0.1,0.1
4.39,0.0,0.0,-57.53484615840159,0.0,0.0,-31.39178820091977,1.4715000000000003,0.0,0.0,0.0,0.1,0.1,0.1,0.1,0.1
4.4,0.0,0.0,-57.84964694041079,0.0,0.0,-31.48007820091977,1.4715000000000003,0.0,0.0,0.0,0.1,0.1,0.1,0.1,0.1
4.41,0.0,0.0,-58.165330622419994,0.0,0.0,-31.56836820091977,1.4715000000000003,0.0,0.0,0.0,0.1,0.1,0.1,0.1,0.1
4.42,0.0,0.0,-58.48189720442919,0.0,0.0,-31.65665820091977,1.4715000000000003,0.0,0.0,0.0,0.1,0.1,0.1,0.1,0.1
4.43,0.0,0.0,-58.79934668643838,0.0,0.0,-31.744948200919772,1.4715000000000003,0.0,0.0,0.0,0.1,0.1,0.1,0.1,0.1
4.44,0.0,0.0,-59.11767906844758,0.0,0.0,-31.833238200919773,1.4715000000000003,0.0,0.0,0.0,0.1,0.1,0.1,0.1,0.1
4.45,0.0,0.0,-59.436894350456775,0.0,0.0,-31.921528200919774,1.4715000000000003,0.0,0.0,0.0,0.1,0.1,0.1,0.1,0.1
4.46,0.0,0.0,-59.75699253246597,0.0,0.0,-32.009818200919774,1.4715000000000003,0.0,0.0,0.0,0.1,0.1,0.1,0.1,0.1
4.47,0.0,0.0,-60.07797361447517,0.0,0.0,-32.098108200919775,1.4715000000000003,0.0,0.0,0.0,0.1,0.1,0.1,0.1,0.1
4.48,0.0,0.0,-60.39983759648437,0.0,0.0,-32.186398200919776,1.4715000000000003,0.0,0.0,0.0,0.1,0.1,0.1,0.1,0.1
4.49,0.0,0.0,-60.722584478493566,0.0,0.0,-32.274688200919776,1.4715000000000003,0.0,0.0,0.0,0.1,0.1,0.1,0.1,0.1
4.5,0.0,0.0,-61.046214260502765,0.0,0.0,-32.36297820091978,1.4715000000000003,0.0,0.0,0.0,0.1,0.1,0.1,0.1,0.1
4.51,0.0,0.0,-61.370726942511965,0.0,0.0,-32.45126820091978,1.4715000000000003,0.0,0.0,0.0,0.1,0.1,0.1,0.1,0.1
4.5200000000000005,0.0,0.0,-61.696122524521165,0.0,0.0,-32.53955820091978,1.4715000000000003,0.0,0.0,0.0,0.1,0.1,0.1,0.1,0.1
4.53,0.0,0.0,-62.022401006530366,0.0,0.0,-32.62784820091978,1.4715000000000003,0.0,0.0,0.0,0.1,0.1,0.1,0.1,0.1
4.54,0.0,0.0,-62.34956238853956,0.0,0.0,-32.71613820091978,1.4715000000000003,0.0,0.0,0.0,0.1,0.1,0.1,0.1,0.1
4.55,0.0,0.0,-62.677606670548755,0.0,0.0,-32.80442820091978,1.4715000000000003,0.0,0.0,0.0,0.1,0.1,0.1,0.1,0.1
4.5600000000000005,0.0,0.0,-63.00653385255795,0.0,0.0,-32.89271820091978,1.4715000000000003,0.0,0.0,0.0,0.1,0.1,0.1,0.1,0.1
4.57,0.0,0.0,-63.33634393456715,0.0,0.0,-32.98100820091978,1.4715000000000003,0.0,0.0,0.0,0.1,0.1,0.1,0.1,0.1
4.58,0.0,0.0,-63.66703691657634,0.0,0.0,-33.06929820091978,1.4715000000000003,0.0,0.0,0.0,0.1,0.1,0.1,0.1,0.1
4.59,0.0,0.0,-63.99861279858554,0.0,0.0,-33.15758820091978,1.4715000000000003,0.0,0.0,0.0,0.1,0.1,0.1,0.1,0.1
4.6000000000000005,0.0,0.0,-64.33107158059474,0.0,0.0,-33.24587820091978,1.4715000000000003,0.0,0.0,0.0,0.1,0.1,0.1,0.1,0.1
4.61,0.0,0.0,-64.66441326260393,0.0,0.0,-33.334168200919784,1.4715000000000003,0.0,0.0,0.0,0.1,0.1,0.1,0.1,0.1
4.62,0.0,0.0,-64.99863784461313,0.0,0.0,-33.422458200919785,1.4715000000000003,0.0,0.0,0.0,0.1,0.1,0.1,0.1,0.1
4.63,0.0,0.0,-65.33374532662232,0.0,0.0,-33.510748200919785,1.4715000000000003,0.0,0.0,0.0,0.1,0.1,0.1,0.1,0.1
4.64,0.0,0.0,-65.66973570863152,0.0,0.0,-33.599038200919786,1.4715000000000003,0.0,0.0,0.0,0.1,0.1,0.1,0.1,0.1
4.65,0.0,0.0,-66.00660899064071,0.0,0.0,-33.68732820091979,1.4715000000000003,0.0,0.0,0.0,0.1,0.1,0.1,0.1,0.1
4.66,0.0,0.0,-66.34436517264992,0.0,0.0,-33.77561820091979,1.4715000000000003,0.0,0.0,0.0,0.1,0.1,0.1,0.1,0.1
4.67,0.0,0.0,-66.68300425465911,0.0,0.0,-33.86390820091979,1.4715000000000003,0.0,0.0,0.0,0.1,0.1,0.1,0.1,0.1
4.68,0.0,0.0,-67.02252623666831,0.0,0.0,-33.95219820091979,1.4715000000000003,0.0,0.0,0.0,0.1,0.1,0.1,0.1,0.1
4.69,0.0,0.0,-67.36293111867751,0.0,0.0,-34.04048820091979,1.4715000000000003,0.0,0.0,0.0,0.1,0.1,0.1,0.1,0.1
4.7,0.0,0.0,-67.70421890068671,0.0,0.0,-34.12877820091979,1.4715000000000003,0.0,0.0,0.0,0.1,0.1,0.1,0.1,0.1
4.71,0.0,0.0,-68.04638958269591,0.0,0.0,-34.21706820091979,1.4715000000000003,0.0,0.0,0.0,0.1,0.1,0.1,0.1,0.1
4.72,0.0,0.0,-68.38944316470511,0.0,0.0,-34.30535820091979,1.4715000000000003,0.0,0.0,0.0,0.1,0.1,0.1,0.1,0.1
4.73,0.0,0.0,-68.73337964671431,0.0,0.0,-34.39364820091979,1.4715000000000003,0.0,0.0,0.0,0.1,0.1,0.1,0.1,0.1
4.74,0.0,0.0,-69.0781990287235,0.0,0.0,-34.48193820091979,1.4715000000000003,0.0,0.0,0.0,0.1,0.1,0.1,0.1,0.1
4.75,0.0,0.0,-69.4239013107327,0.0,0.0,-34.57022820091979,1.4715000000000003,0.0,0.0,0.0,0.1,0.1,0.1,0.1,0.1
4.76,0.0,0.0,-69.7704864927419,0.0,0.0,-34.658518200919794,1.4715000000000003,0.0,0.0,0.0,0.1,0.1,0.1,0.1,0.1
4.7700000000000005,0.0,0.0,-70.1179545747511,0.0,0.0,-34.746808200919794,1.4715000000000003,0.0,0.0,0.0,0.1,0.1,0.1,0.1,0.1
4.78,0.0,0.0,-70.46630555676029,0.0,0.0,-34.835098200919795,1.4715000000000003,0.0,0.0,0.0,0.1,0.1,0.1,0.1,0.1
4.79,0.0,0.0,-70.81553943876949,0.0,0.0,-34.923388200919796,1.4715000000000003,0.0,0.0,0.0,0.1,0.1,0.1,0.1,0.1
4.8,0.0,0.0,-71.16565622077869,0.0,0.0,-35.011678200919796,1.4715000000000003,0.0,0.0,0.0,0.1,0.1,0.1,0.1,0.1
4.8100000000000005,0.0,0.0,-71.51665590278789,0.0,0.0,-35.0999682009198,1.4715000000000003,0.0,0.0,0.0,0.1,0.1,0.1,0.1,0.1
4.82,0.0,0.0,-71.86853848479709,0.0,0.0,-35.1882582009198,1.4715000000000003,0.0,0.0,0.0,0.1,0.1,0.1,0.1,0.1
4.83,0.0,0.0,-72.22130396680629,0.0,0.0,-35.2765482009198,1.4715000000000003,0.0,0.0,0.0,0.1,0.1,0.1,0.1,0.1
4.84,0.0,0.0,-72.57495234881549,0.0,0.0,-35.3648382009198,1.4715000000000003,0.0,0.0,0.0,0.1,0.1,0.1,0.1,0.1
4.8500000000000005,0.0,0.0,-72.92948363082469,0.0,0.0,-35.4531282009198,1.4715000000000003,0.0,0.0,0.0,0.1,0.1,0.1,0.1,0.1
4.86,0.0,0.0,-73.28489781283389,0.0,0.0,-35.5414182009198,1.4715000000000003,0.0,0.0,0.0,0.1,0.1,0.1,0.1,0.1
4.87,0.0,0.0,-73.64119489484308,0.0,0.0,-35.6297082009198,1.4715000000000003,0.0,0.0,0.0,0.1,0.1,0.1,0.1,0.1
4.88,0.0,0.0,-73.99837487685228,0.0,0.0,-35.7179982009198,1.4715000000000003,0.0,0.0,0.0,0.1,0.1,0.1,0.1,0.1
4.89,0.0,0.0,-74.35643775886147,0.0,0.0,-35.8062882009198,1.4715000000000003,0.0,0.0,0.0,0.1,0.1,0.1,0.1,0.1
4.9,0.0,0.0,-74.71538354087068,0.0,0.0,-35.8945782009198,1.4715000000000003,0.0,0.0,0.0,0.1,0.1,0.1,0.1,0.1
4.91,0.0,0.0,-75.07521222287987,0.0,0.0,-35.9828682009198,1.4715000000000003,0.0,0.0,0.0,0.1,0.1,0.1,0.1,0.1
4.92,0.0,0.0,-75.43592380488907,0.0,0.0,-36.071158200919804,1.4715000000000003,0.0,0.0,0.0,0.1,0.1,0.1,0.1,0.1
4.93,0.0,0.0,-75.79751828689827,0.0,0.0,-36.159448200919805,1.4715000000000003,0.0,0.0,0.0,0.1,0.1,0.1,0.1,0.1
4.94,0.0,0.0,-76.15999566890747,0.0,0.0,-36.247738200919805,1.4715000000000003,0.0,0.0,0.0,0.1,0.1,0.1,0.1,0.1
4.95,0.0,0.0,-76.52335595091667,0.0,0.0,-36.336028200919806,1.4715000000000003,0.0,0.0,0.0,0.1,0.1,0.1,0.1,0.1
4.96,0.0,0.0,-76.88759913292587,0.0,0.0,-36.42431820091981,1.4715000000000003,0.0,0.0,0.0,0.1,0.1,0.1,0.1,0.1
4.97,0.0,0.0,-77.25272521493507,0.0,0.0,-36.51260820091981,1.4715000000000003,0.0,0.0,0.0,0.1,0.1,0.1,0.1,0.1
4.98,0.0,0.0,-77.61873419694426,0.0,0.0,-36.60089820091981,1.4715000000000003,0.0,0.0,0.0,0.1,0.1,0.1,0.1,0.1
4.99,0.0,0.0,-77.98562607895346,0.0,0.0,-36.68918820091981,1.4715000000000003,0.0,0.0,0.0,0.1,0.1,0.1,0.1,0.1
